value,label
6I7MNF,3
9321,1
92A,2
6056E8,2
TMBOVHWU,3
7917,1
0110011,0
B8E8,2
9397,1
21,2
5134,1
0111011,0
0001,0
2234,1
6NOV,3
3E,2
001011,0
1090,1
11000,0
QEGNI,3
D9A0,2
110011110111,0
D85A5B,2
06,2
5434,1
4SKOX1,3
3820,1
E3C76,2
66,2
AQFG,3
6AE,3
0100,0
62,2
2259,1
AB0D09,2
00000101,0
5346,1
1001011100,0
5Z6R2WBE,3
ZANXKD,3
4JB1Z3,3
10000,0
YLX,3
FE2,2
2FD52,2
7684,1
88G6DSYZ,3
000011001,0
2C1300,2
4195,1
00001,0
J84WN,3
YFME862S,3
7133,1
OWZH,3
1001,0
ZBWFW03,3
EE5,2
7263,2
4659,1
237CD0,2
2041,1
9770,1
0001011010,0
1QQQ2,3
01111,0
1001010,0
NPW7OBY1,3
01001110111,0
NZM9X2MG,3
1110,0
1110010011,0
DF1,2
309,1
5278,1
7306,1
101100111000,0
000010011101,0
0000101010,0
3268,1
D73FD,2
DYL,3
01111001101,0
1000,0
950,1
6D3CN,3
KYJB7Z0,3
0110011011,0
3641,1
D3AE,2
4167,1
3784,1
8979,1
1011100101,0
101011111000,0
1871,1
110010,0
H7ZI9,3
7138,1
RS8C,3
57,2
000011010011,0
1201,1
000000110010,0
8RJ,3
FOFK8,3
EE2E49,2
1A,2
9B51D,2
G09ZR,3
MVHSW5,3
EFF46B,2
KBMLWE0I,3
4058,1
6XYUF,3
OU50IJV,3
215,1
TRDSKQ,3
A76,2
9426,1
2262,1
000001001,0
ERIE0KY,3
5817,1
B9CO4VLA,3
V3I53V,3
0C,2
YX6UMGC,3
5OPALE1G,3
0111,0
10011010111,0
7795,1
0110001001,0
2D9F72,2
0110110,0
2207,1
111010,0
7203,1
9173,1
K54032,3
QCE,3
7934,1
11111101,0
OJ8R5X,3
100110,0
BUXC5P,3
991,2
470,1
1RSEM4,3
0110010010,0
B22,2
0001001100,0
598,1
0OVBNH,3
6252,1
7C2,2
EZYDC,3
3291,1
42,2
5DC,2
1010110101,0
001111,0
1573,1
8496,1
BDD,2
0111000100,0
D8F0D7,2
5845,1
2323,1
111010011000,0
QIO,3
0C018,2
110000,0
010111010111,0
5820,1
OMENJL,3
10010001,0
01110110001,0
111111,0
QLVJU8EM,3
E054B7,2
C6F6D5,2
011010,0
7898,1
00100,0
2306,1
EB68,2
1011001000,0
7AD025,2
7850,1
0F23B1,2
4620,1
3954,1
ANHG,3
01110100,0
X377Q8TG,3
Y9SK,3
7551,1
93743,2
100010,0
11101,0
1484,1
476,1
NF4SFRE,3
44A9FA,2
1101110,0
W6EDY3I,3
0111,0
4976,1
39Q,3
4C,2
3021,1
YDRDOA,3
A1,2
CCC36,2
100100110011,0
01011,0
1924,1
1768,1
1F10,2
233,1
111001,0
408,2
3376,1
010001010011,0
B60,2
T01FHO,3
U2PY1ST,3
DTDGL,3
1110100011,0
T2GITS,3
6526,1
P1K24,3
WV1X6GAM,3
101011110,0
7E674,2
7C1AB5,2
001110001100,0
11011,0
4642,1
YZ6,3
8A129C,2
10011011110,0
9426,1
110010010,0
BB0,2
21E9C4,2
4C,2
00111,0
001001101101,0
5407,1
B3E,2
4F6B2,2
EF,2
4030,1
000110,0
1BJ7BD,3
24A,3
001011,0
100011,0
11110101,0
11111111000,0
7D2A,3
7FNY21,3
111111100,0
079E,2
00011111100,0
V7MA1A,3
99F5,2
146,2
EJN8E,3
A1F8,2
377,2
66CF84,2
010111000011,0
011010011,0
010010111,0
01001001,0
BB,2
0011000,0
0010101,0
62,1
4580,1
ED668,2
4752,1
IS01KJ,3
001010001,0
4580,1
9838,1
27DABA,2
0101,0
4977,1
1TA,3
DAFD,2
3LLNZ,3
IIU4CWLZ,3
E5CA,2
8F,2
11B75E,2
11011101110,0
6SOZCBM,3
3736,1
47,2
111000010,0
269B,2
TKL2LEO,3
16IQ,3
GXMTKK7G,3
1000010111,0
D064E4,2
4212,1
100001110100,0
237,1
2524,1
308,1
10101111000,0
433,2
8249,1
0101,0
WRJ4,3
2872,1
1385,1
C2F64,2
110010100,0
DF8OVBM,3
00101111101,0
TTN,3
10,2
8B4,2
B5E,2
92CD,2
C038D8,2
412,1
7A4C,2
39B,2
ZF915L,3
QGI,3
010011100,0
00101001,0
00011,0
3784,1
6889,1
100011111010,0
4472,1
11110,0
7183,1
E2SBOFHV,3
5193,1
41X,3
618,1
8513,1
1101110,0
660601I,3
C0CA6,2
9525,1
00011,0
1011001,0
8741,1
1111,0
N4YL,3
6GT,3
BKB9SG,3
5299,1
A4C,2
1I6CA,3
29,2
101011000100,0
CF,2
7860,1
976,2
10100100000,0
001111000001,0
2362,1
59078,2
01100011110,0
B5,2
110001001000,0
3922,1
A5853F,2
100101,0
00100,0
1F02BF,2
10111,0
3610,1
HCOW1X,3
D9F5E9,2
11100011100,0
00100110001,0
9087,1
841,1
F3BE,2
E4C6,2
EJB,3
PYR,3
3CB4C5,2
001011011,0
816,1
7CF,2
B98ACE,2
AYSQJU6,3
B9,2
3A,2
7329,1
01001,0
299,1
7147,1
DW7H8,3
2B2F,2
761D,2
R9GFKOQV,3
4742,1
3156,1
0000,0
0100101,0
0A,2
72D7A,2
MBGV,3
5D00AF,2
1000,0
01101,0
E34,2
7AQ6P91H,3
4447,1
100001010,0
3055,1
849,1
8EV14BQ,3
2988,1
1LZJS,3
1001,0
072,2
0B59,2
V13,3
90A1,2
EKAZ,3
537,2
0F99,2
DC86,2
4195,1
10000000,0
0001,0
8D4600,2
9PT86Q,3
110110010,0
447DF8,2
CE56,2
5946,1
737,1
11000000010,0
61EF,2
1100,0
47,2
4187,1
111101111111,0
11100101,0
752,1
0111000,0
1001,0
5Z1,3
5928,1
1011011101,0
110110101001,0
CEC,2
RBOB14J,3
11101111,0
000001,0
88TZ40,3
00110101100,0
1134,1
100010,0
65DB58,2
1010100100,0
NMFJ0O,3
7063,1
6022,1
3287,1
0830B,2
1344,1
93D8,2
010101,0
8C9Z,3
S4FKD6Z,3
KGTJ,3
5096,1
8249,1
626,2
4606,2
868,2
LE8PSA,3
220,1
9D2,2
9883,1
3E736B,2
3652,1
01111000,0
LCXC1,3
68,2
TWFOMKR,3
2910,1
CE846,2
S0EF52DD,3
2122,1
O6Y9J3E,3
DR3UZ4,3
6SIS,3
RYBIZGP,3
4811,1
BREO6A,3
0010100111,0
697,2
1110010,0
74D1,2
B3,2
101011,0
98,1
ZLKI,3
101110100011,0
011101011,0
B455B2,2
5535,1
10000001000,0
F42605,2
5850,1
3883,1
01100111101,0
01110010,0
111011110001,0
101111,0
6986,1
1001,0
3801,1
69A84E,2
11010,0
01MGPO,3
A3Q,3
11101111011,0
FAC217,2
8D3CPQQH,3
JBTKSN3F,3
11111111,0
B15VXNL9,3
5FF6C5,2
100011001,0
6852,1
00101110,0
LRGGZOJ,3
776D5,2
9784,1
D4F9C8,2
7D7DB,2
2188,1
00001010,0
11111,0
0000,0
47A4F,2
SSBTQQ0,3
00100,0
58,2
1027,1
1111000,0
30DOQ2V4,3
9C68B2,2
DDA,2
RH6R0QWH,3
659,1
5D,2
261B,2
5964,1
5ZAKAUPQ,3
01000,0
TKQSUN,3
010101010,0
12C8,2
3572,1
VKPNOTGY,3
2182,1
3F,2
9DY36J19,3
EF,2
790,1
3946,1
ED,2
IIT4TY4,3
2194,1
7229,1
000010,0
3394,1
GTV818CK,3
0110100101,0
04F,2
4502,1
D44A,2
0IONME,3
X3ERXN,3
99,2
24,2
3504,1
10100,0
507,1
6291,1
1380,1
DDXM,3
0111001,0
2276,1
3105,1
UX01AGW,3
F154,2
01001,0
1870,1
0A2,2
6425,1
04CD,2
01101100001,0
10010111111,0
6311,1
1B,2
OEMEJ,3
NY2,3
11S82,3
7F,2
OI7ZM1M,3
XRFBS,3
01001100110,0
6E,2
9467,1
6B,2
3787,1
111110,0
D8B5E,2
9856,1
101000111,0
0101011,0
7414,1
DG3,3
8860,1
WQA6N,3
407,1
3B,2
5099,1
5718,1
10110001,0
MFF8N,3
E7BC44,2
1001000010,0
0C000,2
4535,1
6847,1
1100110,0
A9OYG7Y,3
2839,1
B9B7,2
010001,0
K9YH,3
B1,2
7145,1
5929,1
GXG933M,3
6947,1
101101110011,0
4445,1
CD3C66,2
109,1
00111010,0
KFFYSBO,3
01101001000,0
2680,1
6FE5,2
3884,1
8815,1
1640,1
8F6385,2
6818,1
FA1,2
360,2
9456,1
TX43ZYA,3
288,1
7G8OXE,3
DD,2
ZPLP2U,3
B59,2
11111,0
6919,1
9DH6DP,3
9540,1
8951,1
91,2
6216,2
10101100011,0
7129,1
BNE,3
1999,1
5230,1
10GZQ5FA,3
BB85D,2
SLJY8IL,3
VVBM,3
8822,1
0110101,0
86,2
78J8M48,3
138,1
I6A3E,3
5159,1
6668,1
011111,0
D9QT,3
01000010110,0
WQJG3N7,3
4V6U4,3
10100,0
5B5,3
R218K4N,3
ADDB58,2
QFPJ,3
7781,1
1001011,0
9245,1
WLW,3
6YA9SA,3
6898,1
2031,1
011011100111,0
010000011,0
11011001,0
101001100111,0
2187,1
J14B,3
1101111,0
Z9BXQCUW,3
0100101000,0
07D,2
7LI,3
0617D,2
16B50B,2
3720,1
6742,1
1189,1
MTQOFA,3
01011,0
LXDL,3
0111,0
CA2X,3
6LRTO8ES,3
6911,1
149C,2
YL1Z4,3
E36A,2
EQ679Z,3
6642,1
KFO1R6,3
217FB,2
00111,0
631,2
1752,1
8325,1
8LR0R0RO,3
1864,1
3832,1
6AD,2
1NSO,3
00000111,0
0RU,3
A40CB,2
487,1
11011111,0
1011100101,0
4HOX,3
A70,2
MZHC4O,3
00110001,0
3413,1
PTTL1V,3
1100101,0
7ACB,2
6014,1
TGI1685,3
9880,1
FNOI,3
5239,1
01000101001,0
0100111110,0
HT5LAZH,3
6138,1
E6WCV7Z,3
5447,1
739FCB,2
010011010000,0
6FOUF,3
05,2
YRMKHQ,3
0010000110,0
1110,0
13,1
96C3,2
1010,0
2E5B,2
41J,3
8F,2
11100011011,0
4A7C,2
9A5FB,2
8693,1
HFM,3
2433,1
416,1
S18Z,3
001011,0
2278,1
2282,1
7315,1
0110001010,0
AIH0,3
4B,2
408,2
010010001,0
E194,2
10101,0
4740,1
1001011,0
01111011,0
3981,1
B910,2
2565,1
11111100,0
WL6BMR,3
101110001110,0
33,2
VPB8UYN,3
11001,0
5557,2
7928B,2
0A,2
8748,1
R5FZ,3
000111110110,0
3RIMHK,3
10100001110,0
FJ8DM,3
A19,2
01001110,0
9744,1
XRMCPS,3
A8E,2
11101011,0
3542,1
DB22A6,2
APSHQ2D,3
57405C,2
111010011110,0
CFBA12,2
F29CA8,2
6QW2Z,3
00001111001,0
F022D,2
M5P3,3
4628,1
00011,0
7763,1
169,2
7CD0WPF,3
72,2
DF463,3
XNGUB,3
303K8XB,3
6596,1
1149,1
1111011,0
00101101,0
66EC78,2
010011110,0
3A9,2
11011,0
5429,1
1011001001,0
011000001111,0
1001100011,0
111110,0
01010,0
PJVJIS,3
01101,0
A8E,2
74A4B,2
CN4JH,3
C6C47A,2
3745,1
10110010011,0
505CCD,2
100010010111,0
369,1
001000010101,0
011011000,0
0011011,0
ZONG5,3
0101101110,0
E2,2
EFD01,2
ITYJ22,3
13,2
Z65V,3
00ED,2
7018,1
8147,1
8510,1
FCF4,2
ZJV8V,3
XJOY,3
946,2
9515,1
JNG,3
000000,0
EA,2
001000100,0
AX651L,3
2279,1
7438,1
01100001,0
2765,1
QX5S9,3
EF,2
A94B,2
YL8T7,3
BTA7HFG9,3
BA8,2
WDBO4RPC,3
G752,3
11100011100,0
0000000,0
8349,1
AXEXHC,3
I9I19TU,3
1011010100,0
B8B,2
T47,3
F5,2
997,1
B7EMO,3
4096,1
4239,1
5448C,2
6B7,2
B4,2
STB,3
265A,2
DE,2
43B95A,2
62F8,2
0000101,0
7734,1
Z6407,3
11110100110,0
2298,2
FZAJF,3
1001100,0
6512,1
WHJ7MH5,3
9957,1
4225,1
110001111,0
11010100000,0
01000,0
C0,2
9034,1
6AI8,3
305C,2
532,1
1954D,2
00001,0
00101,0
25E,2
NQ0R8AM,3
7Y5VG74,3
F8ABFD,2
7154,1
JVN4,3
0101110010,0
1774,1
41HB4P7Y,3
6310,1
A2F,2
00000100011,0
1863,1
101110101011,0
01001110,0
EBC1,2
EE88,2
0101,0
6CB,3
Q0YGT,3
F5,2
9402,1
111000,0
2626,1
11101,0
2617,1
1AA4,2
3468,1
5136,1
3421,1
5L3,3
ERAKDH,3
10111100001,0
7020,1
HO09,3
010001100110,0
3816,1
40,2
10110001,0
010111011,0
DF5H,3
6F42,2
385,2
260,2
33,2
8280,1
101000000110,0
C18,2
5YO1,3
W6SDK7,3
3042,1
Q7CHR43,3
101010111,0
V9EG1,3
01011,0
5604,1
7827,1
FQJ2JTO1,3
M9O,3
00000,0
8CDF,2
011011101001,0
101100101001,0
207,1
BFBS,3
2HEQD,3
B4A6,2
97,2
01111101,0
111101100001,0
WX7,3
4269,1
7326,1
6391,1
4173,1
7222,1
1883,1
11110101,0
B9,2
10010111,0
1133,1
6032AF,2
C44D,2
895F94,2
C20,2
2511,1
4204,1
01110110001,0
0010,0
64C06,2
AA927,2
HKZ9,3
9186,1
1011101,0
U62,3
6433,1
FA,2
3683,1
0011,0
363C3C,2
11110011,0
MW17O,3
56,2
L20E,3
ND2C,3
4452,1
FK1FN,3
VWQZCN,3
2322B,2
11010010,0
8GT19PXL,3
HNZE,3
AD45,2
4068,1
6603,1
CF,2
001111101010,0
44,2
1010001,0
931,1
3390,1
0S5MA,3
110110001010,0
1B,2
A7F8,2
000101,0
5649,1
1001,0
VMNMC,3
408,1
24D8,2
8082,1
H2JH4,3
4256,1
608044,2
994508,2
E00B9,2
MDD7V1PB,3
LNI5X,3
1A,2
607,2
111110,0
OT6,3
UJTTEQ,3
4A34C7,2
1945,1
2188,1
6482,1
00011,0
AGBM,3
011011101101,0
40CCE,2
10110110111,0
F5MY47QD,3
170,2
C8,2
84DF,2
6700,1
VKA,3
BD5962,2
XNWHHW0U,3
IFY6L50,3
3247,1
BA58,2
650B,2
VV37YJ,3
0010101,0
KOQ,3
0A4B,3
111101,0
0C6022,2
4B299,2
5164,1
4515,1
4900,1
36,2
034,2
GAU,3
580,1
8598,1
15,2
28DB4E,2
AXG7QEL,3
GRMP,3
2269,1
66C439,2
0D,2
6743,1
4SJ6,3
192,1
1404,1
9C664,2
01110,0
9NU6QC,3
KLJHYE98,3
2504,2
011011010101,0
9213,1
251,2
ABSZYTK,3
5414,1
92FD1N,3
E6336,2
00100,0
C1C13C,2
0010,0
54B,2
1101,0
755,1
11010010,0
062B0,2
1011001,0
I0YZ3,3
8228,1
7IS8AKM7,3
1011100000,0
1553,1
1248,1
00001111100,0
343,2
B2A3,2
8GCT,3
9NXSOQL,3
I7K,3
6886,1
1011001,0
434737,2
5382,1
011000010,0
1797,1
7795,1
08045,2
6586,1
8859,1
4557B,2
520,1
7164,1
21914C,2
001001,0
LQ07XQZ3,3
GU5E,3
B59EB0,2
KUM,3
KLFWSMII,3
1A04CE,2
010001,0
001001,0
100000010110,0
0000,0
3OZKE,3
DX95,3
0207A,2
XI0PYC2,3
522,1
W6I,3
ULW4VIA4,3
357,2
6765,1
AH27XW8,3
000011011100,0
8822,1
792,1
9544,1
000100,0
EB80,2
3D86D9,2
01101110,0
1828,1
P6WX1WMG,3
UFAVY2B8,3
48Z,3
7P14F,3
11010010,0
0766B,2
000111001110,0
4279,1
6F3A5H,3
4297,1
EB,2
10001010,0
PCO9KO,3
707,1
8309,1
8C6,2
8071,1
000110,0
E4,2
NHTWZS7Y,3
46EC,2
I6NPKH,3
01D2D5,2
5448,1
6D5E5A,2
9596,1
4121,1
5590,1
1100,0
8942,1
11E5,2
5494,1
F86,2
3879,1
F6,2
0N6IA05F,3
01100110001,0
1340,1
TFK128PZ,3
0010011,0
0LL,3
1000,0
3676,1
Z9FQQ,3
862,2
5001,1
1001,0
6387,1
78914D,2
I39H9,3
4157,1
110101000,0
5965,1
10001,0
FF38E,2
9576,1
10101,0
S1EKI5V,3
46EFBA,2
84,2
9506,1
RB7KT,3
WKBR3,3
9233,1
4108,1
4014,1
703,2
490A30,2
V1G,3
2616,1
1670,1
11000101,0
3953,1
00011000,0
OAN,3
FLS,3
WJV2M,3
8E9,2
3997,1
10100111,0
9417,1
CMCR3,3
8231,1
1583F,2
7038,1
BBF,2
GKHY3IM,3
5A46A,2
5B49,2
100111,0
12CBE6,2
9308,1
01010,0
01100000011,0
1AA8D,2
06126,2
GO9EF,3
MCIITAF,3
4578,1
2057,1
01100,0
0110010,0
5F,2
P7Y3,3
BPFS,3
00000110,0
2839,1
7708,1
1602,1
VFKZ4I,3
Y25PC,3
PWTM0D,3
1100000100,0
176,2
E8866,2
104,1
00110100,0
0Q2QF,3
0010,0
ZEMMO,3
1713,1
CED1A1,2
3759,1
1111,0
135,1
111111111111,0
8G2T,3
9815,1
5451,1
5012,1
0011,0
8IP,3
UUUH11Q,3
7541,1
FZF,3
1000011,0
B3,2
2038,1
2AHEIP6,3
01101000000,0
110110100,0
011011110,0
000110,0
D84FRV,3
2622,1
9846,1
1529,1
1XYRK3X,3
0E,2
542X,3
FT3,3
0010001,0
1011,0
0111000,0
5EEF,2
X11D15N,3
1100,0
54IITX,3
0A770,2
62F89,2
7303,1
9234,1
HJZ4,3
01010101000,0
TAXH2Z4V,3
1520,1
001110010101,0
C0D,3
218,1
2209,1
CDDT69P,3
0010,0
6851,1
1000,0
101011101011,0
B5,2
01100110,0
755E48,2
E9F,2
1D,2
4F,2
01B5,2
4BEC,2
4347,1
25155J5,3
5434,1
1695,1
40,2
5E5,2
4990,1
IVV,3
873,1
11100000100,0
9331,1
Z5CZJ,3
AC81,2
001110110100,0
01110001,0
0011011,0
1060,1
1101,0
D5D17,2
4940,1
7544,1
BD41,2
1100010,0
00011010,0
9403,1
9865,1
5375,1
X9Q,3
74444,2
2248,1
VCV4I69,3
O4JXTS8,3
473C0B,2
110010110100,0
9D59,2
1001,0
1E4,2
00000010110,0
01001000110,0
000001011011,0
1011010111,0
100001,0
AC83,2
G49G,3
10000110100,0
HFG,3
4214,1
01010010101,0
84D6CF,2
W1SPIR72,3
EF3,2
B8,2
001001,0
9802,1
4527,1
00111000011,0
74NA5IAH,3
01110100111,0
022,2
4867F,2
9729,1
7219,1
S4O2LZW,3
5560,1
P1RAT,3
1752,1
IKTUGL1,3
5490,1
010001000011,0
M74MX,3
0101110110,0
62971,2
7GF81B,3
4C9DC,2
98497D,2
011100,0
001010010,0
EC,2
0110,0
1111100,0
7D1,2
7684,1
BE,2
7O7,3
10110010,0
2592,1
G8GAIU,3
0010010111,0
01110001,0
DD6334,2
011111,0
FT8RW,3
1111,0
1894,1
OO24358R,3
8AZ,3
CFQ,3
65D,2
82QDT,3
OBNVS,3
0100,0
W2X,3
4274,1
00111111,0
2428,1
162,1
4B,2
158,2
GCJOL,3
9273,1
0000,0
TB6WH1,3
6062,1
745,1
B64C57,2
AFES,3
LDMGIWJF,3
L9T,3
010110,0
7E,2
F7E,2
DDB39,2
6147,1
001110,0
1B826D,2
7168,1
4130,1
192,1
6UP,3
31,2
9845,1
1517,1
BJ5HW40,3
E9EE,2
110101011001,0
0101,0
5326,1
10011101,0
DD,2
L0W8HL,3
5585,1
D7,2
110010001100,0
1852,1
6101,1
XWQR8,3
8LVQX8B,3
101011110,0
1111100,0
9043,1
3056,1
0101,0
744,2
111000100111,0
1010,0
0011,0
2801,1
K2G7H,3
9301,1
3123,1
11101010,0
10010,0
29B47,2
LZQKPORQ,3
ULGHQC,3
5443,1
CF404,2
50E,2
F9C4,2
100111001011,0
2251,2
10111100011,0
BFB3,2
3696,1
6ZKEB,3
0111,0
8A3592,2
1101100011,0
619F,2
BD8,2
11000111101,0
5F3D08,2
0110100010,0
F0K3L,3
Z68HQU9F,3
9678,1
C50A70,2
FV146OI,3
0100,0
17F,3
3446,1
QUZ5W7P,3
395,2
6A63,2
B5,2
F0MAZ,3
5M42S1,3
1UBN7,3
66027E,2
3QBW5M,3
PS5ZTWZS,3
ZX2DP,3
B54A86,2
4351,1
BF,2
F2F87V2W,3
MY6MMB,3
110110110,0
6NISO4,3
11011101,0
6D0A,2
10111100010,0
A7,2
23O7HS2X,3
111000001,0
JJTW8,3
7543,1
N1SVTT,3
563F6,2
4B8,3
DTT84F,3
135BC8,2
6F1,2
FE0,2
010111,0
00100011,0
4127,1
54E1,2
807B5,2
8318,1
9C,2
RNN,3
3629,1
3584,1
3EE4F,2
D32,2
00100010,0
7607,1
101010111010,0
KZVZNAT,3
UQGCJ3W4,3
8022,1
101001110110,0
823GE,3
9140,1
PE43,3
0101,0
10011001100,0
0101,0
8DE470,2
2936,1
01010,0
01100,0
XOXM8KR,3
0010101,0
7042,1
5425,1
2BA5F,2
22,2
1B1594,2
2897,1
7D5,2
F1,2
F246,2
5032,1
E046A,2
1040,1
1010,0
EF25F,2
B8A5E20,3
0F0567,2
VRPO,3
5844,1
001001,0
2UICJ0A,3
1004,1
2353,1
3595,1
4950,1
5273,1
4F,2
1357,1
0000001,0
3470,1
88P,3
2138,1
8239,1
0001101011,0
100010,0
1000,0
1343,1
1100,0
111011,0
7129,1
9500,1
C156D,2
KTHC4Z4,3
1976,1
7569,1
JCQ,3
1126,1
1535,1
01110,0
0001100,0
111010,0
42,2
0100110000,0
A7150,2
12D6B,2
7525,1
UHLSH,3
7935,1
XGETBHEJ,3
C7,2
22E2AB,2
133,1
Y068,3
8X29J6B,3
8643,1
00011,0
5SPG,3
B8,2
3035,1
1100000110,0
0DA,2
4191,1
6737,1
7831,1
63C2F,2
100110011,0
751LQ0,3
4KT,3
712BD,2
0000,0
26EC,2
351,2
5356,1
974994,2
46AE5,2
2A,2
41593,2
5077,1
A10T4GXA,3
7D676,2
JFFWK,3
95MQN04V,3
110111001,0
0AD5,2
621,1
Y0Y3W,3
F24270,2
100100,0
1010111110,0
7XLBK74,3
010110110001,0
01011011,0
1SQE0B74,3
011111100,0
DFXOXSRJ,3
3721,1
8BB429,2
987C2,2
A8,2
10101,0
DN9QFR9,3
10001,0
5497,1
YHCMW78S,3
6M8TK,3
LNL,3
01185,2
1000010,0
7627,1
1962,1
DC,2
00BE,2
8123,2
ZID,3
CAA,2
MC7B,3
5759,1
A94,2
036,2
XAO,3
2425,1
491,1
FF68,2
7817,1
1PSFX,3
01011,0
11100111,0
2474,1
44,2
621,2
101110010001,0
4CTCL9M,3
N74SNX,3
3628,1
IW1XU,3
011000100111,0
00111,0
6023,1
242AC,2
99CC,2
101111,0
0D0F0,2
F2622,2
D4,2
C1D,3
32DDF0,2
ZIX9,3
9U6,3
4408,1
8171,1
101100001,0
ZDJ3S3S,3
08A1A3,2
6834,1
01111001,0
2064,1
7623,1
00010111000,0
10010100,0
000000111,0
SX1CR,3
711,1
NQ27L,3
D7,2
FF0,3
R3RCBP,3
10000011,0
7032,1
01011010111,0
6227,1
8145,1
00010011,0
11001100000,0
I1GBD13,3
JAFJA6R3,3
BBKN,3
00001001111,0
197,1
4203,1
5FC1C,2
31E5B,2
D446,2
YT147PC,3
W2B,3
C9B,3
GFMX7,3
9042,1
E86,2
0JKDZR,3
00101000010,0
FD7A2D,2
11001,0
0010001001,0
K3Z7,3
FFD,2
10001,0
9362,1
0000000100,0
FAKQDINX,3
0011001100,0
J18NWTJ,3
KMXDQ,3
4BD6B0,2
SFDVR,3
2CA8,2
PP2,3
F0,2
8986,1
6E,2
MMH,3
IMHS4,3
70C292,2
667,2
1000101001,0
5316,1
CF5GLL16,3
9596,1
683B81,2
96,1
00001101,0
4996,1
110011011001,0
F05745,2
KR2ZP,3
28,2
5915,1
001011011,0
IF4IG058,3
F4DC4FZS,3
FKDLZ,3
4I2K,3
9726,1
9AD,3
100000,0
7087,1
5822,1
C6F85,2
4280,1
791,2
583,1
5403,1
3465E,2
C2278,2
11101,0
446,1
1B448C,2
2A35D,2
A0,2
0100011,0
4301,1
AJM7UNZW,3
1001100,0
0111,0
A2,2
01011,0
257F37,2
010110000,0
11100000,0
110000,0
4JZQ,3
1010100,0
C9F55,2
16D7,2
0101111000,0
0307C,2
7KJII,3
NKUI1FP,3
5752,1
1E3FE7,2
5442,1
0JGFCH04,3
YQY,3
787,1
10101,0
101110,0
110101010101,0
C0,2
9003,1
01110101,0
11000100,0
F8,2
GZGS,3
NY6,3
010001101011,0
D5FAE,2
2E7,2
5704,1
0101110,0
5B56,2
11111,0
3BD4E,2
4246,1
4221,1
2363,1
073,2
857,2
QSTBH3T,3
111011110010,0
1F9572,2
8279,2
140ACD,2
T5BP5J5,3
467,2
11111,0
9608,1
1933C4,2
3678,1
9354,1
011000011100,0
4443,1
A25E0,2
F9,2
798E4,2
101001,0
0001000,0
0111,0
7579,1
00101,0
OX7ZQMUY,3
7136,1
5311,2
4214,1
10000100,0
K1A4LP,3
8663,1
4636,1
5HG8BT,3
14PNCQL0,3
001100,0
EC076,2
34F,2
000110,0
3B,2
6819,1
ALPZS,3
367,2
AEA438,2
1736,1
5498,1
D38D,2
1110110,0
4FE,3
01111000010,0
924VR,3
0000001,0
961B,3
932ED4,2
11010111000,0
10000111,0
C9,2
ABC2,2
OJDUUO,3
A23C,2
6034,1
8853,1
5AS2R42D,3
778,2
WH5U8YFR,3
00100011,0
HPBBJO1V,3
111111111111,0
067,2
8198,1
8955,1
5275,1
10001110,0
011101011010,0
9166,1
101001101,0
93A5CD,2
B6C,2
2BE14,2
X0G6JLX,3
000010,0
34LJ,3
1100000110,0
652,1
00010101,0
ZERIPTR1,3
0110010,0
10010011110,0
82,2
OBN9C,3
0101101110,0
6030,1
7369,1
E2,2
0001110111,0
7208,1
5755,1
1085,1
B0C,2
AUIDT,3
FMMC,3
BEB1,2
04C,2
QQCMV,3
110011110,0
CAE136,2
2558,1
DE,2
JDNP,3
KJ1EM,3
5050,2
DQOLS,3
0010,0
0110010,0
1101,0
FOJY,3
8359,1
0001,0
RH3C1AP,3
5849,1
7171,1
SCNUH,3
1546,1
MLFB,3
CM8FSNX,3
100010101,0
85P,3
010001011,0
011110,0
010100011001,0
5195,2
WI3IG,3
10111110,0
2787,1
11000,0
CF413,2
1000000101,0
NKO191N,3
110110000011,0
000100110,0
8793,1
A4R005D,3
11101,0
WBV5IODU,3
101111000,0
01100,0
6574,1
7BD0,2
01001,0
35EC2,2
1063,1
0001110110,0
1568,1
1063,1
W106,3
8012,1
9562,1
UQWKG0B,3
359GYK9,3
8173,1
F4E7W1,3
OIEHK,3
9L2E,3
8875,1
4845,1
6017,1
6C20,2
5B,2
7MGO,3
1E,2
1111000,0
KZJRE0IV,3
6DEQT,3
TJCJ,3
B4C,2
00011011000,0
9RJ,3
4763,1
31818,2
5371,1
F3XD5VC,3
IAE,3
3A,2
VTFI,3
Y5DGS,3
9732,1
76D09,2
1011,0
CC,2
K2B,3
30C1,2
3B20,2
8076,1
NJSHMYPS,3
9895,1
11011010101,0
8216,1
B75A,2
0110,0
10000,0
5433,1
FCB1YT,3
H1W,3
1624,1
106,2
962,1
7461,1
0110111111,0
11001,0
632,1
0101,0
1884,1
9081,1
52266,2
CE4,2
6027,1
2204,1
3RFM09,3
BF4X,3
101101011100,0
YRC,3
11100,0
1300,1
1100,0
0000,0
6977,1
58,2
6625,1
011011000111,0
01011110000,0
7704,1
84A,3
01100000,0
169,2
3845F5,2
1011,0
00010,0
9249,1
000101,0
CD7VE,3
0010011011,0
010110111101,0
01ZXD,3
1939,1
010000110,0
011100110101,0
9814,1
FACA,2
001011,0
19F022,2
6457,1
1110,0
3YHRLQ57,3
D090,2
01101100011,0
3705,1
00110011111,0
7X8L,3
10001011110,0
8568,1
8FACE2,2
2BE0E,2
AF,2
96,2
6014,1
DJRTR79,3
8380,1
80F,2
D04VN0,3
1ZMTB,3
0111,0
5AD,2
3753,1
A3E7,2
52P,3
01110101,0
9L274YG1,3
4873,1
6231,2
B3,2
00011,0
0010101,0
B09707,2
4789,1
NIK,3
0100001,0
8996,1
0100,0
100101,0
0011,0
24E,2
8F3,2
1564,1
10010101,0
111101000,0
9586,1
94MHT04,3
LPUP8F,3
7531,1
R7HH,3
5152,1
1682,1
JJ0PE6N,3
00010010,0
1111101,0
6955,1
10000110100,0
B9,2
C15E80,2
5481,1
11111111101,0
010110,0
120MQ2,3
OONET,3
11110010,0
9910,1
11001,0
001111,0
9G6GM1N,3
7Z7ZASNU,3
111000,0
826F,2
61470,2
96FQV2E6,3
1759,1
53DC2,2
6BF7F,2
C320C4,2
XT8H9,3
6JGP1D2L,3
3DDUXM63,3
XFU6,3
HHQZ,3
1011100001,0
9675,1
654,1
UMFG,3
6374,1
EVN9IV,3
001100011001,0
19A,2
3C76,2
1100101110,0
371,1
99E3E,2
10100,0
0110,0
8B,2
9443,1
010000100001,0
FF,2
00010011,0
EE,2
111010000100,0
IQFNS6BH,3
EABCFC,2
RL8P5J,3
11111110,0
9WY5UI5,3
WUA,3
7DCA,2
3B895,2
EII,3
2586,1
72,2
658,2
4442,1
1011011,0
K7D42,3
395,2
1110101011,0
236,1
01011,0
FD1,2
11010110,0
17VE,3
C6GE8,3
7231,1
000101010,0
0000111,0
1E02,2
6700,1
74AB9,2
97DFD,2
PC6G9E,3
BYOD3,3
00010,0
11110,0
842B2A,2
3726,1
3437,1
9EFDF,3
10100000,0
0101011011,0
8484,1
001110,0
535,1
DF5,3
QP6NY9V3,3
AQP9T,3
MVUTM,3
1001111110,0
3A05,2
0101000110,0
111000001,0
7592,1
IJO,3
2037,1
111001,0
352,1
7I6OYO,3
B0,2
3216,1
6FF,2
1422,1
23D6,2
9271,1
535,1
672,2
3695,1
CE9577,2
P96U981G,3
11101001,0
3258,1
00010000010,0
C15,2
101000100,0
7QC081W,3
1225,1
WBAMXVGU,3
0110101010,0
101111111,0
7441,1
10100000001,0
2103,1
QS7X,3
9GKSW2H0,3
7213,1
001111110110,0
6084,1
SST,3
0F43E,2
TBGPO8IP,3
8286,1
BQN,3
11000,0
GUB6DY,3
10001,0
G265XR,3
10000,0
00011,0
EBK2,3
9483,1
CI7,3
19E,2
10001010101,0
10011,0
0010,0
1QGBCSKA,3
D89,2
SWZUINK,3
2DBCGB,3
4115,1
D6E63,2
6F4070F6,3
110000,0
4B4F0,2
20EAE9,2
8FIA,3
D84IMAOO,3
011111010110,0
9182,1
MWT3IV,3
111001,0
FDE,2
6259,1
6277,1
HKX92U,3
48B,2
4413,1
A10C68,2
2358,1
47C,2
A8E7FB,2
31,2
010100011,0
RXHC2,3
REW,3
F1A,2
E6,2
1876,1
9242,1
89B,2
CEG2DQ5E,3
CEAE,2
98NUS81X,3
30C,2
7RUE,3
328,1
9831,1
1111,0
100011001001,0
7052,1
TMA9O,3
11111000001,0
5641,1
11101111,0
9IL,3
Y87N6T,3
083B3B,2
C6CMX,3
0101,0
MGJI,3
2GMWP,3
8471,1
C6,2
3Q1JQC,3
3V3RX6X,3
K90Q,3
1001101,0
01000,0
7E2D2E,2
0110110,0
5771,1
LCD,3
V0O,3
0111100110,0
2803,1
111011010101,0
ZINZ8BB,3
011011,0
000001110111,0
308,2
6A4,2
XPWJ1,3
ZWH5URS,3
2402,1
LJN3X92C,3
010000,0
58E6D,2
QB6,3
1110010001,0
8685,1
00100000100,0
7956,1
JF7,3
3384,1
5F3D,2
0010101010,0
FFAC89,2
OZ5X6O9N,3
2511,1
9467,1
873,1
7873,1
A6,2
DDB,2
0100,0
F2F,2
011000100010,0
D64,2
681,2
658,1
702,1
9104,1
01111,0
100111100,0
011010110011,0
TQC22IU,3
4E08,2
5ED,2
ZV3FY,3
39EEITAK,3
11011100011,0
0UJH,3
RPGG,3
1011,0
F0315,2
7505,1
34C,2
37865,2
1101100,0
AE39,2
00010000,0
3580,1
010100,0
2010,1
8553E,2
6561,1
10111,0
8785,1
5462,1
W60,3
5NB9BG,3
4419,1
OXW21E,3
1E0E,2
5B71,2
001111,0
1415,1
10000001,0
3F835,2
AD1K,3
4844,1
237C,2
IV6MEHY7,3
0000100,0
HVC2J,3
1111100000,0
9816,1
0111111,0
AAPB9U9,3
9312,1
6QDU,3
7A11,2
APXBZ2,3
5DFE,2
97FYNW,3
001110,0
G9I,3
OMMGM,3
1001011,0
C75E4,2
N1H,3
QY2,3
001100,0
KT3Y,3
FB8F56,2
010101,0
2383,1
2142,1
F0C,2
4786,2
892I4Y9,3
HEC7W96,3
1011011000,0
1001,0
00101,0
7NV3CZO0,3
359,1
00000,0
7857,1
5AF48C,2
4AP5FXH,3
U0VJAJ,3
2032,1
MMHR5G,3
E0U94,3
2684,1
110101001,0
C1,2
6072,1
6008,1
7245,1
4C4C,2
010010,0
K4Z,3
8553,1
11101011,0
2269,1
CC,2
4374,1
HO6V,3
3041,1
1222,1
F40,2
4671,1
FY1,3
8B6,2
BVD,3
ARYE,3
011110111010,0
5822,1
100000111,0
1110,0
0101,0
NQSH,3
100010000001,0
355CA5,2
01001,0
11000011,0
N37N,3
1001,0
1VBW,3
111010,0
D4,2
CC005F,2
RUEC93D,3
1111011000,0
2A7,3
01000,0
F6HV,3
010011110,0
6632,1
D4B9BD,2
2029,1
55C,2
52772,2
DC3,2
000001,0
81E,2
567A92,2
35V6S,3
1101101111,0
GASV0,3
11000011,0
101111110011,0
63ZRFUBI,3
991D97,2
8102,1
0101101,0
AG33,3
NXZ3465,3
3841,1
E63D,2
00101110001,0
7126,1
4D3,2
2839,1
1AD,2
5957,1
FCF67E,2
8E73E,2
70,2
0001,0
E01IV6X,3
B0BBD4,2
697E,2
00000110,0
BLHJ,3
0YO1LEO,3
00111101101,0
397,2
001000001010,0
FCA52,2
7IDO6L70,3
IRB2,3
3230,1
0D2,2
AV2M71W,3
0111000,0
8517B,2
F1974B,2
A201,2
110001,0
68,1
36988,2
7A160B,2
9987,1
5803,1
111110111100,0
987,2
10011,0
4022,1
107233,2
0011,0
CF,2
3813,1
01001,0
111001,0
3258,1
2D6C1,2
DSS3,3
8098C5,2
69JP6SF,3
3821,1
1110010101,0
01000,0
10000100,0
4WN,3
TO54LIH,3
1001,0
1101100,0
3JU,3
9575,1
A12,2
00010101,0
923,1
6623,1
1999,1
8915,1
00101,0
6893,1
E6,2
0011110100,0
2185,1
1405,1
28C,2
38N953,3
1ILFJXR8,3
0011,0
000100,0
933,1
E6493,2
46669,2
8A92,2
5BMJK9U,3
1000,0
6944,1
010001111101,0
3XNVEE,3
10001111010,0
2883,1
7375D,2
AB,2
C73A,2
BE,2
D2YZ3,3
9003,1
1634,1
9BB6Y,3
50C5D,2
31D8A,2
110101,0
5059,1
5092,1
TV97,3
0T46343,3
8347,1
2406,1
2VJ,3
2462,1
85E80A,2
7544,1
677,1
4265,1
0000,0
B7C,2
3913,1
2F13B2,2
2938,1
5736,1
9AB99,2
9283,1
000110000011,0
EEB11,2
010001011110,0
0000,0
011100011,0
011001,0
000011011,0
2991,1
BVWI5D,3
TIRGO,3
10101,0
A0,2
227E,2
11010,0
CG1HDL9,3
11110,0
6959,1
LAECW5,3
1110,0
10001001,0
2261,1
8011,1
9853,1
4466,1
E1,2
U7G07G,3
4DD23,2
1653,1
9642,1
GD90,3
U2W86HC,3
1259,1
O9GP10,3
5406,1
GFF2,3
G8QGOHL1,3
00000101,0
0FE8,2
RHY3,3
1010101011,0
77D4C1,2
DAY7O5R,3
8E35A,2
DE,2
J5UT,3
0000,0
678,1
7088,1
8704,1
71AGM4X0,3
1001101111,0
6EA,2
10110,0
DA1,2
696,1
8A,2
8292,1
N4IMI7,3
01101000,0
E88B,2
120,1
EV1Z7E,3
C8E6DD,2
XXYFE,3
2C99B,2
0DD,3
4535,1
00010011111,0
221,1
0100001011,0
YGW2CHZ,3
6892,1
01111,0
9930,1
V8I4V,3
887,1
7A2,2
V95FIOAM,3
SIEY,3
MJC9S,3
01000,0
873,1
3684,2
5573,1
5AF4,2
EMUTM,3
111111,0
8853,1
LJ33,3
90M,3
9020,1
GQMUC,3
01101100001,0
HCPJ0FS,3
9220,1
2565,1
08,2
3652,1
5BBE22,2
HB2CCEH7,3
4993,1
4E5,2
Q4K97MN,3
AE,2
9D4915,2
110011001110,0
3224,1
0010100111,0
1D,2
SUWJ18TZ,3
00110010101,0
11011101,0
DVAC,3
9684,1
JOS,3
2900EB,2
SGH9G,3
8955,1
010001000100,0
9208,1
52F,2
B81,2
2546,1
EJJT,3
80,2
0011,0
66CCEE,2
10000,0
4266,1
031CC,2
1010,0
UPLJYV,3
DC823,2
C0DPNTX,3
B7,2
7921,1
01101001,0
6156,1
1A5F19,2
QUCA0CN,3
B86B706,3
TP5,3
4747,1
EBD7A,2
0A566E,2
6337,1
1010,0
0582,2
U54G43C,3
719,1
3AB,2
4715,1
7243,1
6JDPOCH,3
11001010,0
027136,2
10111010,0
A799,2
1100110111,0
100010111010,0
7201,1
010010010,0
E42CE,2
2747,1
7890CF,2
3336,1
4153,1
8738,1
ZDHYV,3
4IQH6U4H,3
248,1
00101110100,0
92,2
9BFCCF,2
B0313,2
1110100110,0
4408,1
9JX,3
33D55,2
J2P26R,3
8872,1
D2D9A,2
1FC002,2
23F8,2
2949,1
OSB,3
NPNX8NO0,3
GSWYR,3
29R4A,3
SVW,3
3887,1
111110,0
8526,1
9508,1
15534A,2
10001101010,0
1A21O,3
7999,1
ANS,3
4487,1
1000000,0
9531,1
2F4,2
790,1
063,2
3876,1
EFL,3
318A8,3
0E,2
EBE,2
2020,1
100010101101,0
9592,1
1968,1
7F449,2
11110001,0
8534,1
6236,1
0F583D,2
INEMI9Y,3
95,2
ZHXJ1J40,3
01001111,0
00100110,0
3702,1
9057,1
8140,2
BQQ,3
010010,0
6155,1
110111011,0
5692,1
C000,2
BYV,3
7148,1
7D88C,2
ZXMF4A,3
CO7A4,3
7604,1
82F65F11,3
01110,0
110010,0
00001,0
7871,1
3C14F5,2
U9W1HTA9,3
1110,0
88CC,2
KPM32,3
969,2
32,1
30DG,3
9H34G,3
EC4,2
YGRI1,3
E4,2
51DF20,2
65302C,2
FJ71TJ0D,3
EEAFD,2
11000110111,0
33229,2
TVD8HVH,3
B6034,2
9259,1
NLL,3
0000,0
65E,2
7039,1
0001,0
588B,2
7120,1
5145,1
6055,1
8694,1
11100,0
2PY,3
7917,1
3B7A,2
9BHP,3
UWB7,3
8133,2
DTWN0,3
5D222,2
3555,1
LCW671O,3
PRSKM9,3
101101000101,0
10101110,0
97A29,2
000111101,0
1159,1
YGJD9AYS,3
11100100001,0
089051,2
8FET31D,3
1011,0
C9C,2
7001,1
AA7945,2
9615,2
KRSQ1,3
D1DF,2
6088,1
1100000,0
011011111110,0
5527,1
MC9W91O,3
6Y3BEZ,3
7391,1
6813,1
NDZCX01P,3
8776,1
8154,1
000011,0
7A92,2
010001100001,0
000101110,0
10000111111,0
100101000111,0
8043,1
6F,2
00100,0
00001110111,0
F33,2
1111,0
563,1
5H9TASV,3
S23JW,3
YMB,3
F5PQEMJ1,3
8664A,2
10100010,0
10101,0
P9M9,3
FA,2
3461,1
0101100,0
100011001110,0
2496,1
76,1
RGQP,3
C80CE6,2
10000011111,0
2326,1
1538,1
2ADF2,2
YKIR,3
5F0AA5,2
011100,0
5184,1
6N6UX6CQ,3
OPMFRQ8,3
5605,1
1011010,0
L6F4,3
101101,0
8S6,3
1768,1
HAP,3
EP7A,3
4870,1
1111101,0
6TC9NW,3
903,1
EVS,3
5484,1
8805,1
7373,1
T188M0,3
7923,1
2725,1
714,1
4713,2
8B269,2
6055,1
8090,1
2678,1
87D6D,2
10100011110,0
DDA,2
0110011011,0
SK1,3
4108,1
C705,2
96A93,2
4876,1
59LO,3
L1KNK,3
4123,1
01110111,0
121,1
01001011101,0
11010,0
3CE38,2
C37E,2
978,1
00000011,0
1100,0
8242,1
26E64D,2
CZQHYN6,3
0110001,0
1100,0
FEWS67,3
D6M4YW,3
8412,1
9Z4FL1O,3
P8Y,3
D3F,2
215IJV,3
8717,1
Y2TLQEE,3
7CZ6R,3
011110011001,0
7883D,2
Q2QINPC5,3
6726,1
0110,0
50,2
7A12,2
32RP6MQ,3
1101011,0
U71,3
0101110,0
00111010000,0
3705,1
V8R,3
0B830,2
11100101011,0
LUUCD,3
3177,1
10000001,0
665I,3
86FC,2
315,1
1111101,0
7498,1
12468C,2
B0YWK3,3
51D43,2
3591,1
5157,1
2478,1
ZNOFEN,3
0001000001,0
E3B,2
0001011,0
00000,0
9142,1
CF,2
34RGRK,3
QRVQ,3
5B3,2
ETJ,3
5768,1
1010100,0
264,1
4PBIJYEF,3
2761,1
C909D,2
0100101,0
01001011,0
0011001111,0
8125,1
T3SVU,3
S72JQMPQ,3
83E,2
7F232,2
00111011110,0
6IU794T,3
9465,1
0000100001,0
6GNAL40D,3
1101101000,0
0101111,0
L67S,3
1386ED,2
01001111,0
4258,1
110101100,0
609,1
1240,1
3608,1
4623,1
1A0595,2
734,2
10000,0
DLYP,3
U2U,3
A3FFCB,2
VHPAOAZV,3
4716,1
ZFPAA,3
3SB3AU,3
111001000100,0
WM0C4K,3
1205,1
001010011001,0
00110,0
ZAB9C6,3
9WIUBUY,3
111111,0
1659,1
9DB,2
EBE,2
5687,1
6900,1
6999,1
333,1
2618,1
QGTTV,3
3CB613,2
010000,0
2C0067,2
10,2
NJB7NQQ,3
UN3,3
1011001111,0
01001,0
F6C1E2,2
54F49,2
100001001,0
100100001,0
6719,1
9570D,2
OXPK,3
00011100,0
001000011000,0
5A32C,2
8163,1
TDYRHA5,3
010000100100,0
000100011,0
5466,1
0111000011,0
HJAA8,3
9755,1
6544EC,2
00100,0
10001,0
10011110010,0
0111011,0
BZBK3YB,3
5419,1
746,1
010101111001,0
6949,1
2162,1
D36320,2
F4,2
6510,1
10001010,0
C4241,2
AOWPR,3
7A,2
2193WXED,3
UUZAGUZC,3
DJHALQ4,3
E1EED7,2
78,2
72D,2
1689,1
E25CE,2
F53D7,2
ED730D,2
6C1B5C,2
10110,0
P3FMO4YT,3
G8A6,3
1011001,0
8271,1
10011010111,0
HCM9U9G,3
01001010,0
6EF97E,2
43,1
F22D,3
1488,1
6671,1
4474,1
01001100,0
7DCD,2
9D34AA,2
OBV4O,3
167,2
536,2
72F,2
4867,1
9086,1
3641,1
BEE,2
5235UH,3
YWI7CRM,3
00001100,0
5224,1
6E201,2
BCVM,3
3TIF73,3
MTLO4F,3
7AW6T,3
13WY7BHH,3
43CC7,2
BFB363,2
3406,1
1709,1
C2H3Z,3
00100100110,0
6250,1
52C9,2
58DE,2
2546,1
100100111001,0
4776,1
OGFXPC5P,3
9135,1
L6LVGL15,3
4ROI,3
200,3
BWSL,3
011011,0
624R,3
101001,0
0010100110,0
ZZ77C,3
D9,2
1B,2
3EB,2
5807,1
6ON,3
0010,0
TEIT25KA,3
001001000011,0
000000101001,0
0110101000,0
F5C419,2
3FAE2,2
EE,2
KEHJ1,3
1001010101,0
7412,1
0F63B0,2
1101101,0
46A4B,2
6PS1BVDB,3
AD3C45,2
F0,2
111000,0
Q2RPH,3
O6VT39X,3
0111,0
REX2MLE,3
0001,0
7683,1
657,2
000100010,0
2A8B5,2
5911,1
1111111010,0
4590,1
XZG,3
BEC072,2
O37N58,3
0GB6,3
45,2
100100,0
3EB0,2
ORF,3
5094,1
8YI,3
BE12A,2
KX4LG,3
0011111010,0
2612,1
B8O,3
C03A7,2
00000101,0
3441,1
5811,1
75,2
6093,1
G0XNUZXT,3
33BD,2
689,2
11010001,0
1446,1
4139,1
5E3,2
0E,2
SYN,3
ZUDE,3
957,1
5762,1
44E89,2
QG0,3
82ZN,3
010101,0
KCO9,3
E4,2
1010010101,0
GZ8Q,3
VGTX,3
0001,0
IULCBL,3
3288,1
3C4,2
4573,1
07,2
110110,0
7559,1
105,1
LD9KFP7,3
A296,2
BAB,2
001110010011,0
010011110111,0
0J6L7RO,3
ZT50K51Z,3
K76K,3
6044,1
0001000,0
YSSEM,3
9TBG8EY9,3
0E6,2
9215,1
10000000100,0
0C4AF,2
3265,2
00101101,0
111001,0
B16,2
5123,1
582F4,2
8EE1D,2
4556,1
7C,2
11001011101,0
0011,0
728,3
5303,1
17792,2
9725,1
6043,1
5328,1
991,2
FB58FE,2
B1FF5B,2
11000010,0
E75AD2,2
VB1KXIL,3
1011001110,0
110100,0
2992,1
0101010011,0
93,2
B29,2
190D57,2
5909,1
345,1
586,1
BG6TU,3
5B9,2
6990,1
8027,1
0000000,0
0010111100,0
NCIF,3
00011010,0
447,1
101100100100,0
1008,1
RVVHSQZ7,3
0000,0
5Z7A,3
2824,1
42D,2
5692,1
0100101001,0
E0A6,2
101110011011,0
ZIAX663Q,3
001111001,0
VXKXGO,3
V9B,3
073976,2
33,2
5593,1
5473,1
7212,1
VHZ,3
E52A1,2
0842C6,2
A83A3,2
9110,1
6775,1
101111,0
001110010,0
WE94CHX,3
JJ5ENJYB,3
101111,0
48IZQ7,3
6756,1
KHFS6,3
XST6P4,3
01000,0
T8NZZ719,3
4OPN,3
D0EBA,2
0011,0
8066,1
7698,1
3532,1
5009,2
90,2
01011,0
4791,1
DBS1MA,3
FB25F,2
0100101,0
10010000,0
9578,1
WSB,3
1001,0
OYC5I,3
FF7BA,2
49,1
101010010,0
TPA,3
100100,0
19,2
480FA,2
7C0,2
D7AF6F,2
3LZ0,3
SLMEGM,3
NUIO3QS,3
1822,1
1001000100,0
1171,1
4708,1
C8C8,2
VWB7T,3
5V9DKU,3
1925,1
89K,3
U0H0RD0,3
8YW,3
COV2,3
DRE2BHIV,3
1001,0
2544,1
02AE10,2
6OMM30,3
10111000110,0
6245,1
111100111001,0
8598,1
5482,1
0000011101,0
001111000101,0
ESW,3
0001,0
631,2
0110,0
5046,1
E4D2SXNZ,3
000111,0
WHC,3
01111111,0
X30J1KQ,3
1010010,0
1H5J,3
51C2,2
1AC65,2
UYBZ6O,3
Y4250M5,3
85E,2
NCHB,3
VPGMI37X,3
L8I3,3
F1MOD,3
PFDF,3
3751,1
9715,1
3NPCZBR,3
2334A,2
0101001,0
9F2E77,2
6601,1
9EE7,2
SK2KLW5,3
001111,0
8478,1
NTWK7,3
B5,2
2186,1
F28F1,2
F78061,2
2A,2
21F4,2
2169,1
00001000,0
2261,1
96C634,2
3F3677,2
01101111100,0
782,1
FCB34,2
2691,1
9457,1
Z8UO5,3
2404,1
5316,1
3D78,2
0000000100,0
F7,2
433,2
LI8,3
8WDI,3
A13EC,2
8462,1
649,1
ZQW,3
334F,2
3043,1
PY71Q,3
O129JAX,3
00111101,0
96B2,2
00111011000,0
1875,1
11010101101,0
1111110,0
C21747,2
1010111101,0
883,1
XFH95,3
XJQHK3,3
100101001000,0
55001,2
MWKFNI,3
10000111000,0
010110,0
011001,0
K16IY8,3
68B,2
21,2
A09,2
AJB,3
6961,1
C397FF,2
3J9Q6,3
X415H9,3
3E0C42,2
4953,1
CA975,2
F3967,2
2B43B,2
11010101,0
4950,1
4619,1
2BG7V9,3
101011100010,0
ZEB8,3
11000110110,0
69,2
LAT7,3
TAVXF,3
00101111001,0
5656,1
2573,1
3325,1
P7VV4BC,3
3184,1
RNOKUO5,3
BF,2
00000110,0
9663,1
G7F,3
10111,0
OIQJG,3
011000010100,0
5728,1
9F763,2
3908,1
8560,1
1638,1
111101111101,0
7792,1
DE5EA,2
0001,0
FF0,3
C26,2
3E,2
JJCW2A,3
01011000110,0
6181,1
010001111110,0
14D5,2
44,2
1010,0
001110100,0
3139,1
9196,1
D6F,2
10111000,0
7403,1
6FBB,2
1173,1
0EAB,2
IOXUVP,3
6508,1
10010,0
0011010,0
111111010,0
CB08C2,2
10010110,0
X3O5YK,3
101010010111,0
1010110010,0
73E1,2
1153,1
AF5F,2
CPBWHYX4,3
36C,2
111011001110,0
166546,2
9839,1
Q9C9S,3
FA,2
4UJ2R7UA,3
040,2
WAWA3,3
H7YN5L9,3
53A27F,2
1872,1
LVS,3
1GWL,3
1144,1
ICLUO,3
ASNI,3
WUQ0N9,3
4C0BC,2
10100010,0
25,2
4293,1
1396,1
000110101011,0
8864,1
4324,1
1110,0
75,2
00111000,0
010000010,0
D694,2
1010,0
3094,2
2E,2
101111000,0
HWQ37XNI,3
298,1
2VL7,3
01011011010,0
00011111010,0
01BB34,2
0000110100,0
FCE,2
8F5,2
746,1
3F05,2
01111,0
4RO642P,3
2584,1
6550,1
9182,1
0E,2
00111000,0
01110100,0
M99,3
FB,2
1010011,0
60F1,2
D6,2
01000000,0
A057,2
2C0,2
0000,0
92DAF,2
1000111,0
10010,0
E09580,2
010111101010,0
9SYIY1,3
BPV079T,3
6FZLBW,3
KADTS,3
4274,1
Y264F6,3
E486F6,2
0EILXKMF,3
11011,0
886,1
01110010011,0
01000,0
0A,2
1295,1
100011,0
VJXE,3
9841,1
9382,2
10101010,0
113A02,2
9CE5C6,2
ADA,2
DE3LNT,3
9717,1
8899,1
6350,1
601C44,2
788,2
3865,1
5652,1
7A775,2
M6QJ,3
9CA,2
5895,1
RZEYCH,3
19613,2
EABF6A,2
A8I02UNV,3
5255,1
4510,1
6144,1
01001,0
94,2
OBH,3
R7974LZ,3
5769,1
3Z4J9,3
101101001100,0
0111,0
4678,1
88E,2
9612E,2
74EF6,2
B38,2
9CE3,2
2371,1
B8TYOD4,3
R7X7PA,3
9340,1
1208,1
2110,1
00100101000,0
JLIZ2,3
3797,1
100000001000,0
5B6M,3
8GNLUSF,3
NUPYEC9N,3
0001,0
3792,1
124,1
6442,1
00101010,0
P05,3
54,2
BF560,2
4408,1
NPXRRB,3
00001101,0
7C,2
00011,0
6EE,2
01001001100,0
27BFBD,2
A4,2
V8V91,3
C2,2
7382,1
B70F,2
B7C772,2
6969,1
LWOT7U,3
0110110,0
HOSLDUXX,3
DA,2
7481,1
816,1
1473,1
RUU,3
IDLA1,3
0000,0
1983,1
001010,0
111100111101,0
C4C,2
7B,2
D66B,2
2B22D,2
2079,1
1435,1
2435,1
N06GIC3,3
55D3B,2
11111001110,0
FVA,3
8A1798,2
BVT9IZG5,3
EISYC5X1,3
8706,1
B58,3
5E7E4,2
111000,0
7MOUYI,3
0110110011,0
1161,1
V35M,3
1KD,3
C6,2
0101101010,0
TQUOT56,3
6F63F0,2
ETC3Y,3
P4S,3
11010,0
1000,0
6257,1
0100,0
2427,1
ZYB,3
2B,2
BYS8UH,3
98F314,2
2202,1
000101111,0
JUTSWD3,3
YECVW,3
OZJ,3
B3YXAIHK,3
1000,0
7208,1
9399,1
B9E,2
3644,1
9413,2
66A099,2
8505,1
4452,1
9005,1
DUKAJE,3
01000110100,0
6754,1
0011111,0
9474,1
011111,0
5A,2
DD45,2
101101110,0
E9,2
11111,0
8851,1
BF8C0E,2
2461,1
0111011110,0
3A5AE,2
3434,2
11101000110,0
G1V5O,3
OPG8,3
11010,0
F669JGA6,3
EBBE,2
4573,1
M496,3
9271,1
0100,0
0100100,0
0000,0
5101,1
2379,1
00011111000,0
FEDF0,2
001101,0
BJI,3
6220,1
I8UK,3
44,2
984I1PGM,3
EAZ9XV,3
4269,1
KGAH,3
6745,1
65C,2
70B,2
T1I8,3
3610,1
75,2
57,2
101011,0
927B5,2
9031,1
111001000001,0
26F5,2
6919,1
D28E4,2
111001,0
F516A,2
B9F6B8,2
01110,0
1VSY,3
8992,1
PFAN8,3
000010011,0
4ER9C5U,3
8407,1
01100,0
E97,2
3A89,2
Q2HEW,3
101000,0
296,1
B8KHN,3
4529,1
CML3E,3
3116,1
EQI,3
111000000,0
376,1
YXLVOKOH,3
95,2
4991,1
Z6NQ33N,3
3PDE79LD,3
CC54,2
WHAS5MG,3
7NLURG,3
0011,0
YCLVL2A,3
F7,2
PU6,3
5665,1
52FE8,2
111100100,0
01101000010,0
0011,0
91,2
1000111,0
4669,1
111100101110,0
85I,3
610DC8,2
2864,1
110000,0
7250,1
742DD,2
VUND,3
LOUUEZ,3
ZUHBF8K,3
5JAQH7Y,3
9C,2
H3WHF20,3
11110,0
000111,0
7404,1
4GER3FXH,3
4Y1,3
48,2
M5GAMJP,3
1163,1
2WN23,3
3FA5,2
80,2
1110,0
FF8,2
010011000,0
4314D1,2
A115B,2
AF6D,2
2F,2
4301,1
ABD,3
1001011000,0
27A,2
2F,2
973,1
JCT9,3
1822,1
2CCB3F,2
3787,1
867F08,2
6691,1
E6C5,2
11001,0
P423,3
A7,2
O7I504BN,3
11000110,0
B1,2
01101000,0
4C079,2
OSB,3
111111010101,0
8819,1
0101000,0
47,2
2734,1
8P56SD,3
CE,2
110011,0
43F4,2
8369,1
1110111,0
EDFA,2
000010010,0
FEF3C,2
024C7,2
67W,3
7435,1
11100110011,0
ORODHEZ,3
3A9,2
940D5E,2
1616,1
6174,1
0100010101,0
100001011010,0
24,2
DDFD,2
9918,1
45,2
E41507,2
8383,1
7381,1
21,1
DD3H2YE,3
AB29D,2
9CD,2
4PJ21,3
2056,1
7Y7XYF,3
980,1
5934,2
01011111100,0
110110,0
YUBB6,3
010010010,0
EQ7Q5GC7,3
70F2E,2
PXLEDS,3
8232,1
EC7,2
0ZH,3
9412,1
656,2
7112,1
7419,1
RA73,3
01100,0
0011100101,0
101101,0
1100111,0
8317,1
05D,2
4842,1
010011111,0
00010110,0
71F6A7,2
11001,0
7A2B75,2
8021,1
1110001,0
6W51HVXU,3
2282,1
101010,0
2H9,3
E47,2
W38Z4Y,3
6325,1
7600,1
1617,1
OIEM58YZ,3
100011110,0
700O3,3
01110,0
3804,1
3096,1
11101,0
3462,1
FC2U8BJK,3
9LNW,3
WGF,3
EF13,2
9NZIM,3
3689,1
GRCU,3
01100111101,0
18RI,3
100011111,0
00001100,0
6A49,2
5X30HL,3
01111,0
2978,1
11101000,0
1101,0
UHZZW0,3
579,2
4GZOO,3
5FD2,2
FFD3,2
ZI14ZU,3
D78E,2
110001010000,0
FE57E2,2
5D2,2
11000,0
4D,2
JWSMLE74,3
XXJC,3
81630,2
FBDAFF,2
5BA,2
3832,1
1E06C,2
10010100110,0
010001001111,0
0110111,0
62,2
CKWN,3
0100,0
8088,1
0629EE,2
1214,1
2553,1
0U03,3
1010,0
5054,1
C594,2
8D42E6,2
01011,0
44C2F,2
10101101000,0
4464,1
08,2
E4Y0WQCG,3
ZB7PL2T,3
E08A,2
6QN,3
1111011,0
0000,0
4474,1
2245,1
86BB,2
011000,0
90LWQWOM,3
8329,1
VGXTC,3
8383,1
3971,2
11001,0
839F6,2
8541,1
DA334,2
A2IS6S,3
6567,1
011110010,0
10001001011,0
0ZQGY,3
595,2
HU0GN,3
0KDA7UBT,3
VBT9EDZG,3
3D50F1,2
469041,2
0110,0
2961,1
VU9QHFJK,3
97B64,2
3785,1
B0,2
0000,0
1000,0
DN4Y7NYM,3
RWJC,3
000011,0
7CFE52,2
7215,1
010010100,0
3415,1
8N4K,3
519,1
6VUN,3
01101000,0
11,2
1001000010,0
1FD8,2
1979,1
0T2,3
BNXQUE9,3
2787,1
01FDD,2
IJK9W2ZC,3
A4,2
9498,1
10110010101,0
3653,1
H3O6,3
3AQO7545,3
6F84A3,2
O4IN,3
4543,1
4595,1
3431,1
8762,1
7488,1
1000101010,0
1698,1
FF7C,2
1101101000,0
6584,1
5398,1
1111,0
HASEP,3
00111,0
F1D9,2
GLQ0DY3,3
1100111001,0
010101,0
XIIZU,3
101110100,0
011100,0
0CHEA,3
9208,1
4095,2
101000010,0
1F8,2
132,1
11110000,0
AYDY1K6,3
00011,0
0001000,0
4IVRE85B,3
7417,1
5834,1
542,1
84VS9F,3
4159,1
O88L0HIV,3
76,2
A043,2
3BCVY5T4,3
V6L,3
9607,1
E523,2
ZLJXHY7,3
0110,0
100001,0
CD7C,2
0010010,0
B82H,3
2628,1
5B56E,2
8HSN,3
0110,0
1110010,0
7B1D,2
00010100100,0
17,2
110001101011,0
C5D,2
CEDE12,2
2331,1
11111,0
4F186QSC,3
633F81,2
629,1
54CCD,2
ERF,3
001101101111,0
1148,1
261B,2
DPJILG,3
Y305OJ,3
C36701,2
8F14C,2
3136,1
6471,1
4765CF,2
000110010,0
2557,1
11111110,0
HI6Z1FO,3
5D8AB0,2
0000,0
5946,1
F28,2
U2L,3
04E,2
50,2
ZCK8OXC0,3
110010011011,0
7070,1
0011,0
A5,2
0101010101,0
9A,2
1983,1
01001000011,0
1535,1
F88B,2
7127,1
P69O74,3
1000101010,0
EBT2,3
J50DLJXC,3
3210,1
ACFWX4,3
9699,1
1111,0
74,2
6229,1
00110110,0
D85,2
DDF,2
00001110,0
V1O0,3
OQ5BTVJ,3
8A1B,2
4337E,2
111001101110,0
L7VE92M4,3
3C45F,2
Y9HKKX,3
22FE,2
1194,1
XH556,3
0101100,0
6344,1
JHUE6X,3
384D7F,2
5237,1
11001101,0
W6OLJRV,3
100100,0
FD0C7,2
77EC,2
N8NN,3
3C3,2
1001111100,0
DCZIDC,3
0110,0
9254,1
7EA,2
2856,1
F65,2
5240,1
UT9,3
8904,1
F26924,2
A0CL00,3
C1D1,2
A97ED,2
KOONT48,3
L8R,3
87D00,2
0100111,0
5ELCIZQ,3
10100,0
011101100,0
D8F889,2
00101101001,0
1100100111,0
452F,2
MEH,3
9I97W,3
7627,1
1000,0
44B,2
00111,0
129,1
I5DBTB5,3
000110000010,0
00001110,0
111111,0
391A8B,2
2943,1
11111001,0
111010,0
0100111110,0
D57ZX4,3
6996,1
407B,2
3A2,2
1096,1
5635,1
7LYJ9,3
011011100001,0
2484,1
PZ0,3
8ENOPJ,3
4484,1
0111,0
424O,3
CB0E7,2
001010101111,0
01101101,0
BBA,2
10010100,0
0010,0
136D0,2
60BB,2
ECW,3
7451,1
1988,1
101111001000,0
0DE,2
8FBAB,2
7493L,3
2JZ2QF,3
NMDZQ2O6,3
HKVSN6,3
2163,1
13DA,2
HZM,3
3633D,2
0101001101,0
8888,1
CTZ,3
7288,1
1100010110,0
11001111,0
9564,1
VRNZ,3
OC8MT0E,3
ED,2
1001010,0
OIU,3
4E8,2
6736,1
2347,1
C9BE,2
7A78,2
10101,0
6439,1
4703,1
A254C,2
74B2,2
TCEODJ,3
0A00,2
66D0,2
3419,1
NGNOX8T,3
FDE,2
1111010001,0
265A93,3
JMQ3,3
001011100,0
010011001100,0
008DC1,2
3120,1
101110,0
10001010110,0
11100,0
3KTMGG,3
3YZNVT,3
5A0741,2
9GTM,3
000100100010,0
6900,1
CZLVG,3
1456,1
3455,1
2873,1
URU3,3
291A49,2
BC95C,2
5485,1
S1DUY6D,3
6QBCTRE,3
UY7XN,3
1011,0
JK4JTA,3
7680,1
000110101010,0
6796,1
4543,1
2DB,2
VFZZC,3
C71058,2
5599,1
0101,0
111111101011,0
1100,0
0111000,0
4588,1
583CA,2
7955,1
1100,0
010010,0
JGJ7UW0,3
78CFAT,3
2371,1
100011110,0
1329,1
2475,1
11100100,0
AE,2
8EB,2
001011000,0
010001110,0
0001010,0
MER,3
C7D4E,2
6XGD,3
9785,1
PUZ7I,3
QELWJLM6,3
010101,0
10A,2
8266,1
11111,0
000000111000,0
AED00,2
TGTK,3
01110,0
7EV1PHK,3
10111,0
6E,2
FF6B,2
21A,2
011100000011,0
8D0,2
111110100010,0
9833,1
7B34,2
9CB479,2
F6986,2
92,2
0101101,0
0SGZQ,3
E5UIWP41,3
01100,0
3903,1
A91B63,2
682,1
6RA2,3
6D125,2
2690,1
166,1
0100011100,0
1110,0
100101000111,0
5762,1
1000,0
A60676,2
9KXIW1R9,3
X9FL,3
1551,1
CF,2
0C,2
7306,1
D1,2
816GT1,3
KFMU,3
110101,0
8275,1
7F1B8,2
UV36,3
6E84BC,2
9JWQ7WC,3
602,1
MBEXPV5,3
90G37SK6,3
7D873,2
2E0B1,2
2760,1
1049,1
52,1
7D7B6,2
00101110100,0
011101110,0
4980,1
1187,1
A3DC03,2
889E3,2
XA1,3
B0MX1N,3
0FR4,3
9267,1
6365,1
5960,1
6CS6JZKN,3
111000101101,0
3665,1
ZC5S,3
7000,1
JLWHZ7,3
E3475,2
IVKVV,3
1726,1
0100100,0
EB2D,2
6620,1
IOFPGQ2K,3
111110110011,0
1000100,0
1678,1
68,2
9925,1
JMQ5,3
00101,0
KNPTDY,3
81E7,2
HQOGI5PD,3
701,2
61,2
00010100,0
11000,0
A00B7,2
10101,0
68BA9,3
A9B7,2
2NUM,3
DL1,3
22,1
4079,1
VF5HC3,3
76532D,2
JVM0,3
2BA4F1,2
75,2
9805,1
85CZAHV,3
10100,0
10101000011,0
00011101,0
809,1
436,1
406,1
8C5E,2
75C0,2
LSOQ1IG,3
0110,0
6BE7,2
D5FEA,2
100101,0
6050,2
3C3ACA,2
3777,1
6JFM7E1,3
0111000100,0
DAGD98O,3
07,2
HKK,3
799ZZS,3
ESS,3
BQXF,3
101011,0
T7RTSY3T,3
QTSP,3
FTOAS8XW,3
0111,0
9166,1
E107,2
6824,1
001111011,0
2811,1
000101,0
D22B4,2
8606,1
101001,0
9F,2
FTNB,3
2912,1
8016,1
6NK1K5,3
9ISFE,3
100010010011,0
10101010101,0
76E,2
7B5BC,2
D5,2
BV2,3
975WKS7,3
DA896,2
8A1,2
B43,2
F30,2
8327,1
8411,1
01101001111,0
3UX,3
96E1D4,2
KBK,3
0A0E,2
1784,1
4075,1
E1AA,2
25KE16,3
K3T8,3
A9926,2
6449,1
FE6,2
0C,2
80A501,2
3790,1
YA02YS,3
01111,0
I1Q4M,3
294,3
769DE9,2
011010011001,0
1011,0
011010,0
00011011,0
10101,0
BC,2
000010000110,0
0MJ,3
6315,1
11111,0
010001100110,0
FF,2
2428,1
B2CV7K1K,3
0110100,0
8CD37,2
A61D,2
76E498,2
2OJ0T,3
TL2PQ,3
111101111010,0
0111,0
72BE,2
5467,1
YKTWJ3,3
8575,1
WJMX1DZ,3
26A71,2
L49GP,3
5ZOQD,3
0D06BC,2
NRZ5DV4,3
K4LVT,3
6MU,3
10011,0
111101,0
110011001101,0
8241,1
1030,1
BDC,2
001000010,0
0A8DBF,2
895N,3
8615,1
3925,1
ZVG,3
A18,3
5763,1
VUG3D0,3
424C3,2
01010001110,0
DRRH3B,3
DOVXQ6,3
XJOV46J0,3
6983,1
VJT3AE,3
ZW1AMR6,3
7881,1
5957,1
9706,1
MBOF00Y,3
M225PM3,3
881,1
9345,1
53C46,2
31OCQ1M7,3
FE07,2
VH2MZF,3
00100100,0
2007,1
2033,1
TAVJZ,3
1001000101,0
HVHO,3
50MFO77,3
8503,1
01100,0
HYY3NPS,3
28,2
648,2
6521,1
42D605,2
00101010101,0
01101110,0
6551,1
6486,1
111010100,0
6T8TM3J3,3
947,1
A3879D,2
IK67D,3
HK2OAR,3
18AF,2
1263,1
0011001,0
6934,1
VJ6OMON,3
000001010,0
111101100,0
1001,0
BI6YH,3
8MF,3
6D,2
11101010010,0
2030,1
1417,1
7041,1
9R9YO,3
7293A,2
5CB69B,2
89279,2
RJA3PCID,3
5406,1
4288,1
EF4B7,2
000111110,0
7542,1
75Q,3
3SSB,3
Y7BOHI4L,3
10010101,0
F06F7,2
492FDF,2
SFODCH,3
610BFBU,3
Y5NHBE6,3
XHQFW7VT,3
11000001001,0
011011,0
DGCS1,3
GZX5S5NK,3
5322,1
94,2
7896,1
RB6,3
111010,0
3928,1
899,1
4N1B,3
101101,0
6870,1
56AED2,2
1555,1
QV2JRW6O,3
S59A,3
10111,0
00010,0
261283,2
1D0A8,2
ER0I3,3
7237,1
A4,2
06BE9,2
7328,1
1056,1
BR6QQ485,3
11101010001,0
VEDA31PR,3
VJ11UWL,3
6614,1
0011,0
110111010,0
01928C,2
00011110001,0
HQZLNTA,3
011111,0
011101110,0
4C4705,2
84,2
8875,1
11010110,0
TY1,3
9156,1
100101010101,0
624F4,2
5615,1
010101,0
0TKJ6YC,3
F2DIYOU,3
U3DS,3
0FF91,2
1863,1
6R2915KR,3
JTW4,3
WH36ONK,3
336,1
56C,2
49E,3
6511,1
O6AWFS,3
8547,1
DF0,2
1442,1
8180,1
00111,0
YHM3TTZ8,3
D6E34ACA,3
R4R,3
3CD8CA,2
05NU,3
1385,1
6519,1
A12932,2
4AA,2
011001,0
383,2
319,1
1011100010,0
101010110,0
8BE,2
CEF,2
5024,1
55C307,2
I9Q,3
6560,1
001011001000,0
C47385,2
1111,0
6104,1
A4D,2
3D32,2
8F2423,2
5229,1
01100,0
9021,1
8JXM,3
4992,1
16LFV,3
FFBEF,2
8F3F8E,2
8EB,2
0111011,0
A2D,2
FMKCFU,3
322F1,2
1B,2
2EB1D,2
0011,0
11001,0
100111,0
6DRGA,3
1VV,3
F14,2
48481,2
0001001,0
BD0A8,2
6295,1
FY9,3
0000110,0
0101111,0
12C99F,2
61E2,2
9201,1
1859,2
82,2
4488,1
11011001,0
7HGDSO,3
CD,2
8ZZOGT3R,3
7A4,3
003J,3
1276E,2
01000101011,0
F7F,2
8775,1
9935,1
010000101110,0
7378,1
14D,2
6932,1
00001100,0
8466,1
5434,1
01111110001,0
612,1
LQ61,3
10011,0
01001111,0
YVF02,3
EC5,2
11000,0
5134,1
0101101,0
001101011011,0
C37,2
0110111,0
RM5R,3
963EB,2
NPD5SHA,3
3164,1
3T43U,3
111001,0
183C,2
8385,1
845,1
8453,1
1111111,0
MR72,3
AC,2
3275,1
6641,1
7NDEOM,3
Y697,3
4357,1
4D717,2
SAN4CCX4,3
0100010011,0
0110,0
9975,1
7ZPJC0,3
7ZNGJ,3
1100111100,0
ZFJFF7,3
0001000001,0
FFF0D,2
5247,1
S4A,3
011000111,0
2956,1
QAP,3
BK3,3
7859,1
110000000011,0
00110000,0
9B0FD,2
1100100,0
10CD16,2
B049C,2
0001,0
3106,1
1100,1
01001101001,0
001111,0
00100110011,0
4414,1
110111,0
0001001,0
412,2
C9J,3
FD6T4J,3
8C624,2
Z6M,3
DA,2
472,1
W3XSOSFH,3
5869,1
2279,1
3435,1
4062,1
1101101100,0
01110,0
EIBX,3
0AB2CC,2
19F7,2
3C2F19,2
F7V6KI,3
1001,0
5101,1
6IASK0F4,3
4893,1
4485,1
BF1,2
XX1,3
4016,1
001000,0
11000011,0
110100110010,0
T0650,3
3E061,2
0010100,0
4735,1
TZ5,3
JJU,3
2E190,2
DQ9S,3
WZ94R,3
45E01,2
79DA,2
000011001011,0
F5B,2
A07,3
C4F4D,2
014D4,2
A3967,2
2470,1
6719,1
6549D,2
CE5,3
MHXEXJ,3
3TFOUMMH,3
5226B,2
3341,1
6006,1
C2A85,2
1501,1
SVE3IZ,3
T5MG,3
4CA,2
011001011,0
PPNV,3
10111010111,0
4247,1
0001010,0
2F,2
XCRW,3
01010,0
23,2
1F554,2
8279,1
2FA,2
SF7VA4G,3
608,2
3071,1
EC7247,2
1906,1
D91,2
B60,2
34E,2
5383,1
01001111,0
B712,2
C1F,2
9PSQ3L,3
60,1
1541,1
C3,2
0110100110,0
48748,2
0EB92,2
2024,1
430,1
1092,1
PLGT,3
BA97,2
6S598,3
9874,1
010000010,0
000000,0
110110110,0
W9XDO5,3
07DA,2
53AE,2
92A85,2
VRJIZ,3
00111101,0
97F8,2
A967B,2
9B4,2
011010,0
11111101101,0
7079,1
11011110,0
101111001,0
9349,1
902DD,2
11110,0
185,1
A52MFO2Q,3
7863,1
001110001,0
2847,1
021BE,2
JAE3XZ5,3
AB32D,2
DB7,2
011001011,0
1001,0
C4C79B,2
WA0,3
9589,1
6270,1
0011000010,0
9E,2
BB0,2
010110111011,0
01111,0
4468,1
ZB4J1CK,3
00111101111,0
CN65POY,3
7794,1
1001001000,0
3169,1
7973E,2
4782,1
9009,1
1011100,0
16B32,2
03DF,2
3754,1
B9F46,2
10100,0
C7E,2
B8DD,2
9626,1
01100111010,0
788,2
111011110,0
85C7D,2
11110100,0
92,2
F4,2
00011,0
6684,1
00011001010,0
01110,0
00010010,0
C86815,2
1752,1
0010111010,0
0101,0
6F,2
O0T,3
1568,1
01010,0
01000010100,0
C96,3
1R6,3
9459,2
6319,1
8JQ,3
CE03B,2
E90870,2
BD,2
MH5Q,3
6855,1
3278,1
111110000111,0
01100,0
7XXQ,3
0011,0
1621,1
34,2
2C657E,2
2879,1
49,2
3E8B0A,2
8504D,2
1105,1
KJ1ZGGHR,3
9675,1
1100,0
0011100011,0
000000,0
2233,1
6140,1
110111101111,0
110100,0
DA22,2
1011,0
0100,0
B8AC,2
BFE1DA,2
BEEE90,3
0000101010,0
1980,1
KYYV,3
6TODHY9V,3
784,2
7997,1
CF,2
EE9,3
AC0074,2
17A0,2
C1500F,2
6AC5,2
1961CC,2
6360,1
0101110100,0
21D75,2
0000000011,0
MAD,3
0E5,2
804065,2
01111,0
0000110000,0
3546,1
E1,2
1000,0
01389,2
PKTP,3
001111001110,0
00101010010,0
7462,1
DRU,3
99,2
110010,0
5506,1
50,2
GH8TF,3
4268,1
101010000111,0
1100,0
61848,2
32,2
S235H,3
C25812,2
DN08ITA,3
4763,1
TAGGTCL,3
FE9,2
B3B9,2
Z769,3
6402D1,2
001110000,0
00101001101,0
5UZKN,3
LZQT42,3
KA9LM,3
8812,1
OOPPKT,3
101011101,0
001011100001,0
AB1A,2
5364,1
9583,2
D07B3B,2
01101,0
44C92,2
001000001001,0
111000100011,0
11010010,0
4HTT8,3
3ZE32,3
11111,0
0111101,0
11011,0
RCQIM,3
C8ABDV,3
6GBELJ,3
18,2
00011,0
084F,2
7881,1
Z4ACZUSK,3
5533,1
84486AK,3
UE3YQ1AG,3
24QN,3
IQ08K,3
111010,0
001010001,0
0001010111,0
B31D,2
2187,1
19377,2
1126,1
2240,1
0010101100,0
F06,2
4819,1
11101011,0
834,1
3204,1
JOZ,3
X3O,3
9714,1
000111101,0
33BE7B,2
1001,0
C65F2D,2
8924,1
1465,1
PG2D,3
1110,0
ADZ5447,3
C37,2
2761,1
AQDG7CW,3
9611,1
0010000,0
9981,1
11111,0
110010001,0
2671,1
O1HWA,3
110111100,0
7775,1
001011110,0
001100000,0
82C593,2
38,2
FA40E,2
60,1
010110100100,0
8841,2
OLHF,3
000110101,0
SEY,3
11101001,0
01101000001,0
5750,1
8AA5,2
442F,2
H5EAOL45,3
10010001111,0
4263,1
5971,1
2434,1
A1B,2
1100010100,0
VQD,3
101101100000,0
1YNIPH0,3
FA7,2
1F,2
392E7D,2
PEB,3
1001100010,0
P878J,3
6OC4W5,3
245,2
0AGD33,3
62XWNQ,3
E088C,2
7301,1
3402,2
1101010,0
1010011101,0
1ZTVPG,3
9960,1
7517,1
80C,2
VM94DN,3
3577,2
E54L7PJW,3
ACCC,2
9C,2
58CF6C,2
00111100,0
101011111,0
95561A,2
100000010,0
13,2
01101011100,0
525,1
AYM,3
01001011,0
2C2,2
11101,0
RZL6XAO2,3
5DE823,2
IUJM,3
7919,1
0101000,0
001100101,0
0DC,2
CB64,3
3B09,2
OBGUFRSK,3
AVC,3
322,2
53VSGL,3
T7D,3
EVJBJ31K,3
3590,1
10,2
9041,1
8XSKW,3
Y20,3
4KIFKNY,3
VKH8UW,3
110000,0
011010101000,0
UXSW,3
1029,1
5359,1
5439,1
1053,1
5773,1
9147,1
2309,1
200,2
J5BG,3
DDE,2
UOIX,3
B7,2
00011100,0
898,1
011000010101,0
29373,2
10111100111,0
010001100000,0
8ECE,2
F9FF0F,2
00100,0
000010,0
111101100,0
01001011,0
A6E,2
1011010,0
CF274B,2
8644,1
6163,1
0000,0
1BF78,2
011100000001,0
1AW3HQ,3
22TVCQP,3
110011110001,0
JU1I,3
L95PO05Q,3
5694,1
MLIVF57,3
EAP3S,3
5213,1
01000001,0
D609,2
8B,2
TL7094,3
8RH,3
56X,3
11010,0
RXOTMZ,3
0110100100,0
C7D,2
6JP1M,3
5S69,3
C7,2
B4F26,2
1489,1
8232,1
0110100011,0
6513,2
SCY5S7KK,3
7940,2
10000,0
1W5EZJ2,3
10001100,0
BHABJML,3
101001,0
10100110,0
0110,0
7B0,2
728LYVJJ,3
6046,1
6FBFEB,2
8105,1
011100100110,0
A16,2
00000000000,0
1J2RRA5,3
E8,2
7709,1
3430,1
0101011,0
P7OH14,3
7398,1
XHX,3
5DKZKGSB,3
80A9F,2
EALESA,3
SA4WH7,3
7517,1
E1,2
7563,1
JDB794DT,3
70D6,2
Q193,3
8838,1
LDC34FX,3
143,1
381,1
XGFD94AT,3
10011,0
1001101001,0
7883,1
LFMJ390,3
1011000,0
165,1
100111100111,0
C715,2
7F,2
0010011101,0
8135,1
MUORB,3
6654,1
JLO49Z8L,3
11100000001,0
Z6D,3
10100101,0
2CXK,3
8204,1
F42BR,3
7044,1
5044,1
BA7A3D,2
6857,1
5882,1
110000101,0
8B601C,2
00000,0
J8MH7ADR,3
8286,1
3644,1
4357,1
VZDNSIT,3
0011,0
7886,1
XM6R,3
2F2F62,2
3081,1
000010100111,0
F5PN2SHZ,3
JVYSS5WD,3
YL0BEM,3
101100100,0
3870,1
534,2
VWS8UBD,3
01000011001,0
6203,1
7935,1
01000100001,0
ISIXUMK,3
100011111,0
83BA3,2
116,2
0001,0
1009,1
9B48,3
1101,0
E806,2
1354,1
1000011001,0
6505,1
XX594Y86,3
8152,1
NKT,3
5176,1
55BED,2
Q1T,3
468,1
38B,2
VFSCB,3
B0D402,2
111001110,0
29,1
DF35DA,2
01110110011,0
100011001000,0
010011,0
1111,0
4113,1
K2L,3
00110011001,0
C69,3
ND1,3
EO0VKB,3
H7JH56I,3
D12FF,2
YQK,3
100100000011,0
981B,2
33S5ZY87,3
TXUDQ,3
9617,1
8432,1
02,2
81,2
62,2
9116,1
110001,0
9YFM,3
1110010011,0
001011001000,0
6752,1
D8,2
1110001,0
2647,1
LOFB,3
362,2
000010001110,0
10000001,0
1100,0
CVRGW,3
600I6,3
37KBV93,3
DC,2
E5676E,2
00001010,0
2047,1
000011111001,0
333,1
2F96,2
3368P9U,3
4628,1
KVX6LA9X,3
4HHKH,3
9979,1
7Q9S4CNA,3
010110,0
9823,1
DB9,2
111010001,0
1VW1V,3
JS9WSK,3
LL3J,3
00000,0
2885,1
YGLIXMKP,3
A75M,3
2452,1
8353D,2
6946,1
2410,1
001011,0
8803,1
UZUY1H0G,3
1655,1
03W,3
5222,1
7823,1
FYL,3
010111011,0
C0B4,2
F6,2
100010,0
2032,1
7611,1
8D2,2
EYAPUB,3
00111000000,0
DD24B1,2
694,1
0010001000,0
86155,2
00011,0
00110,0
1000,0
395,1
2D,2
2830,1
6KX1,3
EWAHHBC,3
SKAEO89,3
101000,0
QP53MN2,3
EC,2
60,2
39D1,2
6R5S,3
5634,1
861,1
7706,1
110111111,0
8764,1
4267EC,2
2A,2
F6X3JSPK,3
CB0B,2
84A20F,2
JH7NJX9,3
2730,1
B195,2
01010,0
GOH589,3
7516,1
0101001,0
8210,1
011100,0
F43,2
9275,1
P192,3
6761,1
0F73,2
AE,2
3284,1
2215Y,3
1676,1
6120,1
5508DC,2
010010000,0
H4Y,3
0IKRGUWU,3
1100101,0
RIW19,3
7487,1
6855,1
MQHJCVX8,3
T5D,3
1111001110,0
WZH3ZF,3
7184,1
MBQHUUE,3
3442,1
111011,0
19F290,2
0O3OAOQC,3
0000,0
66D1E,2
3956,1
8692,1
6798,1
E4,2
0100110000,0
6244,1
CA6B,2
K9D8,3
3871,1
T8XKK5,3
B1A0A,2
011111011,0
G0G,3
6337,2
3439,1
E97,3
65B6F,2
10101,0
366,1
M5LBRP8,3
B27FRS1C,3
110010,0
CTF5AM7,3
988E,2
2958,2
000111011101,0
6B,2
9ML9XE4N,3
B8,2
01101010101,0
5096,1
O73M7C,3
1111101001,0
004LK76,3
B97B,2
5001,1
CF933,2
4420,1
CFFA9C,2
CAHTT0W7,3
3YR,3
D7NZ,3
7F0FA,2
101100101,0
1011011,0
OHQ,3
JPABOND8,3
3599,1
CB38D,2
2B1CC,2
1426,1
4857,1
AI8,3
011111010001,0
466,2
40D91F,2
00000,0
42F4,2
8CE,2
EEB92E,2
JQJR3T,3
7421,1
ZOF,3
0010000,0
4RMS5ZDG,3
011100,0
00101000110,0
63AC,2
1111101,0
B5CE,2
C7,2
11010,0
8XYG8ZCP,3
0A0,2
1688,1
KK4,3
BC9E1,2
111100110,0
A22,2
2C1,2
11001,0
9214,1
KE34T,3
9820,1
1010001011,0
TV1LI2,3
5290,1
01111,0
T9R02PL,3
YT1O3DO,3
478,1
111101,0
LZT2LS,3
01101100011,0
6879,1
8471,1
111001011011,0
00101,0
110101,0
1KLQ5,3
X89ODI,3
0110,0
11011010101,0
0110000,0
01100,0
94F8,2
183,1
10101,0
EB2D,2
011010110,0
74,2
BB97A5,2
2HF7355V,3
63,2
0001100000,0
4307,1
IHN2U,3
011000011,0
11111001,0
01001111010,0
1242,1
CAC36,2
5946,1
HNU8R3,3
52A14B,2
9887,2
11001101,0
478EA,2
1058,1
5086,1
1115,1
B4,2
3161,1
052O90,3
0100,0
4846,1
1392,1
848E7,2
1000,0
8139,1
P6EAGN04,3
AAED,2
QWMC,3
01010111111,0
8BC,2
C61AA8,2
10010010,0
9DE49,2
R54EGE59,3
33E3,2
DCE9,2
YJN,3
DAAC,2
1996,1
0E,2
907,2
5578,1
83897D,2
101100101,0
00011110100,0
BO5GE0R,3
1000,0
3498,1
E2B,2
101100,0
3178,2
30F6,2
QRU,3
8D0F,2
110101001,0
0LQ,3
0101110,0
10100,0
10111000001,0
NSP,3
QJEU74O,3
1001110,0
PU3DNP,3
9CQQ,3
AEB01,2
000001,0
1XSO,3
3775,1
9128,1
QYFXT3,3
EC98B2,2
10010110101,0
0110100,0
110000010,0
11011100,0
1MO,3
HGNFRB,3
TK448FUF,3
1010101,0
V8B3,3
BRV5X,3
FF,2
2F0760,2
110000110,0
0111,0
904,2
1698,1
LP7,3
DE,2
10001101101,0
24A004,2
2072,1
GFA,3
00000,0
1011,0
11111100,0
91C,3
52K5,3
N20VH46,3
11001010010,0
2648,1
2785,1
100010000,0
H7IWG7X,3
0AACD,2
5600,1
0C98,2
KL1H4,3
5291,1
8703,1
AA,2
11100110011,0
BA,2
0101101,0
000110001001,0
4310,1
3180,1
52D9,2
4352,1
IMAGWJF,3
67FD4,2
1010110,0
7336,1
5226,1
9IM,3
0010010110,0
110100000,0
9C4444,2
D5SGR85J,3
BD89,2
CA434B,2
00100,0
9CJ7FJJ5,3
3537,1
3M6TDJ,3
101000,0
00001111010,0
001010,0
6485D,2
GGDBWZPI,3
4287,1
18,2
2788,1
101110010,0
FB1PSS,3
100011101110,0
965D05,2
8115,1
E705C,2
A0A2,2
74RT3G3,3
5473,1
4471,1
00101110100,0
1011111101,0
R68P20X,3
O5JP,3
3654,1
011110010,0
0001011,0
P3U1WC,3
1111111111,0
00001010001,0
3BF7C,2
B97,2
00100,0
497,1
BFZ,3
133314,2
6210,1
837,1
8841,1
00010111010,0
6831,1
6490,1
9743,1
90510,2
00110000,0
1111001100,0
10100111101,0
0100110,0
3069,1
U94LTAU,3
OBMD,3
CLJR,3
1100000001,0
561,2
8838,1
D7,2
8909,2
1F9F3,2
58B,2
31451J,3
8757,1
110110,0
0000110101,0
203B,2
5CA1,2
81,2
F520,2
NTMS80U,3
1010001,0
5434,1
73DC,2
010001,0
5314,1
HSI,3
JHFKLM,3
11001010,0
0E284,2
209,1
0001,0
X867KPL,3
2D3A2,2
11110110001,0
7LXD6R7,3
10101101,0
11100001101,0
8BUH8H,3
9893,1
00100111,0
01001111011,0
7279,1
3320,1
00101111,0
3773,1
51DE4,2
YIOPU8OX,3
5554,1
9387,1
000100,0
76E,2
0000,0
010010010,0
1212,1
11011001001,0
K38UX0,3
7O4,3
BEF3,2
65,2
IHI,3
101111,0
1139,1
L6V,3
3957,1
C6N,3
53,2
2658,1
BD,2
011011,0
EFFE,2
0111100,0
0100,0
2D0A,2
A4HF,3
1001,0
OBYBD,3
8504,1
MTQVUQC,3
D8B5,2
5477,1
21Z,3
KFO0V,3
52F2,2
00110111,0
0000,0
8F,2
10110110111,0
CC248,2
7IF,3
101011000110,0
SQT,3
705C7,2
DAOX,3
5180,1
3085,1
001110011111,0
1197,1
010110010000,0
5822,1
MTB,3
949A,2
VR8,3
8LFZIR,3
0111110,0
6F45,2
7566,1
821F29,2
7362,1
1101,0
QC6T,3
2573,1
64UVF,3
1101,0
1111101,0
0000,0
9800,1
1ZUAOXJM,3
11110,0
01010101000,0
1011000,0
780,2
342,1
6FB5,2
0S0KR,3
00100,0
1343,1
PCHZ7GDV,3
EURCX,3
6933,1
1010011,0
9120,1
100010000,0
YKPM,3
000111110111,0
089E,2
BJC2C44,3
11000001,0
001001101,0
8503,1
2754,1
0101,0
9347,1
8204AB,2
100111100,0
000011110111,0
TABZ,3
37E341,2
FE2,2
010010011110,0
7529,1
DZW23XXY,3
4800,1
09OJW3F,3
4161,1
JIW,3
9473,1
10111011111,0
010000100100,0
0101,0
1101111,0
0JCDGTND,3
101100100,0
JQIQY6V9,3
DZ48B58,3
44GNILL,3
9AB87,2
4289,1
0111,0
BK4L,3
2SRI,3
JUIVS0,3
D7079,2
432F,2
00111101,0
K4YOZV3,3
VC9WYVW,3
6D996D,2
000001111100,0
ZQHDMYY,3
7697,1
41AA,2
01011011,0
00010110,0
030WJCZT,3
9739,1
6670,1
1110010,0
101110011110,0
1920,1
2652,1
2TG,3
799EE0,2
MV6S,3
08F6,2
1010111,0
7QI,3
NBQFM8P,3
4919,1
8202,1
S2E4NR8,3
29318,2
8641,2
7574,1
000011110111,0
BE1AC,2
1024,1
0101,0
9478,1
001101010001,0
6653,1
011110,0
1111111111,0
16LRP,3
1111101011,0
96QR,3
4562,1
GYC19GO,3
VKVWYZ2,3
1110101000,0
M9WXOYN,3
11111,0
6781,1
8387,1
4636,1
1D,2
000001011,0
4MHV,3
Q7D,3
000101001101,0
0111001001,0
302,1
70L,3
C3E,2
00011,0
EQH,3
51F,2
1172,1
11100111,0
IZ8IQWF3,3
1380,1
1101101,0
35,2
4505,1
1111101010,0
04E,3
A0808F,2
D3DE,2
FZ0L,3
010100101,0
4351,1
ZXY1FW,3
433C,2
Y62,3
4376,1
4570,1
9902,1
011100001110,0
476,2
049D14,3
0000100,0
J0PO,3
1010110,0
227412,2
MXDRZDY,3
CVLS1QW,3
011011,0
F4,2
ZY25B3,3
2437,1
94D22F,2
4256,1
41F3A1,2
1110,0
3936,1
8716,1
01111000,0
101110001100,0
BX6ZWE,3
UKX404N,3
EZEQ7,3
1137,2
1111101110,0
115,1
7A77D,2
1D86F,2
618,1
CC40,2
5422,1
0101,0
2280,1
2371,1
0111001000,0
B07B9,2
28,2
D06128,2
1000011,0
01110001,0
3A,2
1111,0
BDB3E9,2
011010001,0
3H76T,3
BF9E,2
65ED4OH,3
54,1
VR1I8,3
NA7,3
9436,1
AZUUS2HK,3
A65F6,2
ZWUB,3
YWDLO,3
4383,1
D922,2
BBSSPDVI,3
BA2317,2
07,2
8VTDGM8O,3
NYNC1F,3
6884,1
9C029A,2
1613,1
101011,0
2D8WV8N,3
10100101,0
HVPX6T1,3
AWN2,3
E813,2
D857A7,2
U6HDFCB,3
8RXAP,3
98,2
73DFA,2
00100,0
4E,2
5C7A9,2
111011011,0
2343,1
411F,2
5I5RK2ZA,3
011111101111,0
BJKS7,3
01110,0
011010111,0
5354,1
4812,1
J8TBB,3
EE2460,2
12A,2
R50J,3
00101111100,0
634,2
BD3,3
5HG71PZY,3
1561,1
6CDC,2
1110111001,0
JZWB1,3
FDAA,2
7343,1
9408,1
BED,2
7174,1
IFLJ4,3
01000,0
LP98FJLY,3
6686,2
1XECSF,3
D96697,2
4323EF,2
1111000,0
D5759C,2
5F,2
EGV1S,3
101110111111,0
5813,1
6E63,2
KXIUEU4,3
F8A,2
PF8LN,3
BD802,2
8172,2
1110,0
010101000000,0
E8FCAA,2
A4E8,2
7063,1
10010100,0
9983,1
5462,1
011010011,0
DBQ4PIAC,3
BBC630,2
76ML3,3
0HGUUGF5,3
VUMH8I3,3
10,2
90,2
9BBC,2
0O6LA39,3
11000,0
8VRLZTY,3
3443,1
0000011,0
8936,1
0215,2
0110111001,0
DXUCYM61,3
1111,0
JUDGX33,3
NP2,3
90,2
1010010110,0
6708,1
8483,1
9591,1
9098,1
10100001,0
000001110001,0
A97,2
111011,0
B844DC,2
001111,0
110101,0
SEMUE,3
0101,0
00100110,0
00010,0
6269,1
WRG,3
QBMRIZ,3
11000111,0
3F952,2
5945,1
DFA30E,2
A1FB3E,2
00010001,0
4505,1
7393,1
4289,1
30C,2
00011100000,0
8698,1
6530,1
WEMP,3
D2XY,3
RRZ2FB4G,3
2E1,2
010001,0
0010111100,0
K8ESH,3
011001001000,0
B3,2
1224,1
6442,1
PUTYWFMF,3
6874,1
110100,0
879,1
042628,2
BC2DAE,2
111011,0
1010,0
111010111,0
798FB,2
241B5,2
WE51N,3
1101,0
0PML,3
111110001,0
5864,1
366,2
8621,1
4F20A9,2
10011011110,0
V98KWJ7,3
FA3,2
11C79F,2
GIHI1O,3
3601,1
1011111,0
H9NKBIJT,3
3C36B7,2
00010001110,0
CFEC96,2
01011000110,0
00001,0
ABD57,2
500,1
6934,1
11100,0
RSEUZ,3
2885,1
8BNS,3
ZQPJ,3
111011100000,0
37U51GRB,3
1663,1
2C,2
7064,1
101100000,0
PFQ,3
RCL9T,3
10111100101,0
110011,0
WPT,3
1100100011,0
QO0IRK,3
NJYJZ,3
8052,1
BDK,3
2569,1
HV3BUG,3
01000110001,0
71,2
B13B63,2
2708,2
565,1
100010011,0
398E7,2
573,1
DKBVD,3
OQHX,3
6AE,2
1010010,0
7319,1
99,2
4433F8,2
3NW8,3
3F5,2
2067,1
6779,1
6116,1
3527,1
1331,1
1010011001,0
110100001,0
5233,1
EXFW8D9,3
7C,2
8491FC,2
AA90F1,2
101010001010,0
RC696,3
ATCK1JF,3
D3,2
5C6E,2
N2WSMI1,3
00110111,0
111001110,0
E9E88,2
6Z46,3
8603,1
11100110001,0
5FA2F,2
18D4,2
V8Q7,3
01000,0
0000001,0
ZO6,3
31,2
149R,3
3963,1
D845,2
11100,0
1000111,0
2409,2
5495,1
111111100,0
EV2GTRJ,3
VFC0TU46,3
9E2DE7,2
4B00E,2
110000101,0
3M3JQKMJ,3
WQN2Z,3
11110,0
46EB9E,2
7D7C6,2
D20B,2
11110,0
8427,1
7244,1
GQZ0Z,3
CQPOH,3
7856,1
1AA5,2
C7,2
7496,1
027FF8,2
7C04,2
JQ9,3
4014,1
Q7MEY,3
6D46,2
0100,0
1641,1
3L4M8,3
B76DCA,2
UA5HBOH,3
11DB47,2
001100,0
728,1
00110101,0
A39,2
B5BB71,2
0B,2
TA4,3
45C4,2
3C3QIJZ,3
985B,2
8734,1
SVP,3
EC21,2
3964,1
B0,2
11000011,0
11100000000,0
5451,1
01111111,0
65IB68,3
110111,0
8V8N,3
7FC63,2
CUOHQ4,3
6954,1
5272,1
5307,1
9AH7NROP,3
6841,1
6D0,2
DSH04,3
6857,1
4D3E18,2
001001001,0
0011001000,0
98QUZS,3
8440,1
NXQ9G,3
8952,1
0010,0
TB0HUZ,3
6237,1
99,2
8555,1
72,2
7203,1
358DB,2
110011101010,0
WYIOQV0,3
GQJ8AS,3
8159,1
1398,1
3560,1
10010000,0
F5E7K2XI,3
QQKP8Q,3
1678,1
0000,0
2211,1
12VFPS,3
HJCDFT,3
5094,1
001010,0
AHK,3
M70F,3
01100001,0
77KG9US5,3
8763,1
7B8E0,2
BC4A9,2
58H8HEX,3
6832,1
101100,0
7A7,2
9193,1
10000100111,0
96HMROQX,3
5185,1
3299,1
7802,1
3B874,2
44FEB,2
D1438,2
3C1,2
001110,0
7CA7,2
CY5,3
1883,1
39GAHA0,3
A4,2
HF2B2A35,3
2744,1
690,1
158,2
9310,1
01011110101,0
36,2
4FF2,2
00111001011,0
11010110101,0
YG9OD,3
00000110,0
E1DAD,2
HVILBBV2,3
9B010,2
00100,0
0000,0
57,2
35CC,2
419AC0,2
1000,0
EB8W9G,3
01100110101,0
D3406,2
1497,1
00111,0
468,1
O3MW2M,3
8E271,2
110101,0
00100111001,0
0AH47,3
00001,0
000101,0
7V9R,3
NU1,3
10110,0
1939,1
000101110010,0
01010111,0
100100000,0
6950,1
9260,2
00011101,0
UWB,3
THPNSB1H,3
0010,0
5381,1
9624,1
UYFWLK,3
A21,2
6B4815,2
8BMSM,3
101110101,0
OCKYB,3
7381E,2
8138,1
1101010111,0
5418,1
9450,1
1110001,0
8029,1
8531,1
MXY,3
EUN9,3
DJRE,3
8A9D8B,2
V5THB,3
BA4B4,2
1000100,0
XG627,3
61J6314,3
1202,1
AEB,2
QAI65F,3
01101111,0
11001011101,0
4386,1
101100000101,0
WNY,3
1370,1
661,1
5914,1
01100000,0
001111111110,0
395,2
DF,2
451,2
DCE87Q5,3
100011001111,0
B96,2
00000111,0
6K8XA7QJ,3
1F5414,2
DB3KW,3
F1FA8B,2
9OY,3
F5B7B,2
4611,1
07D9A,2
4453,1
A1,2
0001,0
DDA51,2
M7S6IX,3
DBHD,3
6218,1
00101101111,0
0011010110,0
2338,1
8531,1
8713,1
E3269,2
FX2,3
1000,0
Q9TP8WN,3
1011,0
EC574,2
YGW0L2O7,3
100000,0
YOQPQYV,3
1011000010,0
T6FAU,3
6DA,2
011110,0
A5FF,2
B936,2
10101,0
C15,2
CD39D,2
000001101,0
1263,1
Q472B,3
A07,2
KU9VUB,3
11100101,0
4388,1
0010,0
110001010100,0
98,2
0CK7LB4,3
6084,1
36641,2
011111011110,0
S968A,3
4585,1
2747,1
7236,1
FA38,2
812,1
89,2
594F0A,2
00111101,0
27A,2
QIFXKA,3
9566,1
ZPFGD,3
135,2
1435,1
5B5723,2
2506D,3
52C,2
Y9CH,3
00010110,0
5970,1
68C,2
7471,1
2277,1
01001111010,0
UHJJ2,3
887,3
8958,1
F5NE,3
21B,2
03,2
ZAHPI,3
Z6RA9,3
000111001110,0
7996,1
IR7,3
954,1
DBTKW2I,3
FF57,2
1789,1
76,2
6676,1
110110100,0
3B4AEC,2
10000100,0
D8F3,2
OK02GQX,3
001001,0
0110100110,0
D0ED8ZHR,3
10100011100,0
D50B40,2
A6,2
8C,2
7LJH8,3
1001111100,0
8681,1
00001111110,0
10100111100,0
000110100111,0
339A0,2
627,1
V9GDS,3
N1EWN,3
3826BB,2
3679,1
110001000111,0
111000100000,0
380D,2
10111,0
IOHH5,3
SVYP,3
14,2
ETHVM6,3
4DEA,2
FEE,3
639,2
2425,1
1101,0
IVK,3
1530,1
BF,2
11010110,0
D07FQIT6,3
9790,1
100010,0
1000110001,0
001100000110,0
APOKRXB6,3
10001111001,0
6022F8,2
11001,0
100001101,0
01101001101,0
CB2JCM,3
5243,1
3442,1
2952,1
000110011,0
CC935,2
7599,1
12IZQBFB,3
0E,2
HXO0,3
101001111,0
1525,1
4831,1
9BF3A1,2
1799,1
2689,1
3966,1
000100,0
EFOAK,3
38,2
664,1
1366,1
0011101001,0
HR4UNG,3
E6D0,2
0110,0
6475,1
01011101110,0
01100110011,0
4450,1
N477SQF,3
E96,2
R3M04U,3
7530,1
E70F9,2
01111100100,0
9LD,3
6E,2
4607,1
8262,1
H3L48Z,3
C3B,3
70T9AB,3
4R1W,3
600,2
5267,1
10001100,0
1011111,0
01000100,0
8948MY,3
71F,2
8039,1
1277,1
011011010,0
LO4D,3
000011101,0
1594,1
8913,1
5760,1
9993,1
6XUJ,3
E2,2
F5D68G6E,3
0111101101,0
01100111,0
C6085,2
O1VF,3
557087,2
101011,0
00011011101,0
001110111,0
2065,1
00B55F,2
101011011101,0
1934,1
3963,1
1522,1
11100,0
580E,2
CCC5,2
9301,1
8411,1
BU7S,3
9C1,2
5333,1
49,1
61T,3
1A3296,2
F798B,2
1011,0
228,1
NH4QXV6E,3
0418CA,2
8003,1
N7K,3
E7C,2
7SY0QW73,3
ZRGAB,3
110100001,0
100101011000,0
9786,1
A9A84,2
110110,0
7894,1
1010000001,0
AXGL,3
10000110100,0
077BEJ,3
2532,1
1101111111,0
4E3199,2
5686,1
111010,0
9953,1
5DFC3,2
ZL8PV,3
99D0,2
478,1
KCQ0Q3,3
01111110101,0
8921,1
1YFZN9,3
101001010,0
F3LQ,3
1NIK7,3
1001010100,0
3754,1
ILZ2LK,3
8ADA,2
4158,1
5271,1
6666,1
5BR,3
3522,1
1675,1
36DC,2
47,2
G5II8DW,3
BC,2
00000000,0
8203,1
55148,2
3991,1
001011010011,0
100100,0
BA31,2
HQI9PZ,3
1100,0
011100,0
73B73Q,3
N1W,3
Y972G5E,3
6022,1
722,1
0000,0
HXRYK,3
8KR,3
11100110,0
DF,2
EJG,3
69E8BB,2
SL3PJNVR,3
DFAAB,2
5640,1
11010110011,0
4253,1
B04,2
0F42,2
0000110000,0
10100000,0
B75M,3
8492,1
TIONB6J,3
5209,1
6566,1
3280,1
C8ACA,3
LXSNZ5,3
J63,3
0011100,0
4A12EA,2
111111,0
806,1
B3188,2
3YY1,3
M54,3
3985,1
925,1
673,1
C745,2
2590,1
9583,1
D6Z3ECAV,3
0E42F,2
46XT1RP3,3
5482,1
10100,0
101011111,0
IOXZG6RB,3
19C7DD,2
KWRJRR,3
FE65,2
66514,2
M067,3
7ZT26T9,3
UPSBP8,3
2522,1
A45E,2
4260,1
75E,2
734,1
7738,1
DE183,2
2998,1
01000111101,0
PM9,3
7E,2
101011101,0
2253,1
6144,1
0HP5M,3
110000,0
DHO25,3
UTMZTK,3
2022,1
6697,1
21697,2
A5BF9,2
0101110000,0
AF47,2
387,2
101011001010,0
5430,1
01001101100,0
FD,2
0101,0
X4M9CGLB,3
FB2,2
0100000010,0
3251,1
10101101,0
XLYWM,3
IB59G,3
O7SK,3
C3,2
8860,2
00E,2
72U5RDIK,3
2618,1
4KH3,3
3545,1
1057,1
9652,1
0111101,0
A72FA,2
BE,2
0110000,0
11110011,0
5643,1
DB9,2
6522,2
101000011011,0
2528,1
D2D3,2
DC3CEB,2
EAF4,2
6976,1
8296,1
11000110000,0
7939,1
PUFEO9,3
L67,3
5356,1
I2N8RYA,3
570,2
1N9CL,3
MS7,3
080A87,2
89B,3
3013C4,2
6017,1
4D,2
161,1
1010001,0
4872,1
MEPRT1J2,3
Q702,3
100110,0
E1A,2
SS1I,3
BL3P,3
3091,1
HRJKC,3
T9V,3
PW2CFU1N,3
10111100,0
ABDAF,2
2272,1
W8RU,3
4755,1
5BC28AKR,3
1513,1
0100010111,0
1010,0
010011010,0
1955,1
42BBE,2
197,1
00011,0
36B,3
1215,1
F298UIXU,3
7761,1
6125,1
35V,3
XJ7T6,3
7106,1
RNZYQR,3
001000010110,0
RU6JJDP8,3
1104,1
7790,1
01100,0
60XWOC,3
853,1
WC56OR,3
1129,1
QJ0,3
U4WYL0VB,3
5134,1
246B00,2
9970,1
7Y3PZ,3
E1,2
3898,1
FCE,2
9135,1
FC69,2
1032,1
1137,1
9362,1
CDC60B,2
1262,1
101100001,0
4697,1
W9AKNU,3
1984,1
BS1EK1JI,3
3568,1
7438,1
001101111,0
1100001,0
10100001110,0
5250,1
8D,2
9306,1
4415,1
0100,0
VTVPFZN,3
MNOXQ1,3
64,2
101000010,0
FB,2
011111011,0
2970,1
9272,1
XM5,3
3656,1
3592,1
A148D2,2
11100,0
0000110110,0
0000,0
6GZM2S,3
6566,1
UTDBYC,3
IC1Z3ZN,3
22682,2
11011110,0
14A,2
1000101,0
8471,1
1151,1
B4D,2
6B,2
101110111010,0
A3,2
7066,1
0110011111,0
00111,0
XJB,3
0010011101,0
14,2
MNXXXE,3
1844,1
01100100,0
IKH,3
2402,1
UBIAIDQ,3
2113,1
ED,2
00010,0
LJH7,3
N3Y6FEIV,3
9C31E,2
D692,2
10010,0
A6BD0,2
9984,1
ETD0,3
1ZO,3
100110,0
9325E8,2
3779,1
01110,0
X05JNE1P,3
01101110,0
110100,0
13,2
6344,1
1E,2
9769,1
G3VL,3
KJPJ,3
0543,3
1001010111,0
2F59,2
WMY1G,3
76,1
4M729Y,3
AF6FA,2
10011000,0
5829,1
11,2
80,2
D9E,2
5EA113,2
A6F054,2
5942,1
S5LRW,3
0101000010,0
8257OD,3
13D5E,2
0010,0
VLE5CHF,3
E9CCE,2
QUMMT,3
MMX3D1,3
D8,2
OV07SBHP,3
6480,1
099E29,2
2108,1
OEWFKS,3
96894F,2
5008,1
2408,1
6728,1
00001101011,0
01010,0
GMMJ,3
4855,1
9170,1
4934,1
100110011001,0
000101111,0
9090,1
4FC,2
9447,1
000111101,0
1010,0
1194,1
256,1
01111100001,0
CDF7E8,2
3124,1
01010111110,0
9JD,3
O1HKF,3
01101,0
E1DB,3
HF9N,3
6488,1
CZJ,3
8DC,2
10F39A,2
5015,1
1010100011,0
C2,2
FD4B,3
101001001110,0
4907,1
MVOZPD4Q,3
0110,0
5RCB,3
011101010,0
4318,1
00100,0
6556,1
00100,0
030F,2
5EHE02,3
UFMYXVU,3
79E,2
996,1
371,2
9179,1
AL82,3
1100100,0
100110110001,0
6323,1
82,2
00101000,0
11010,0
NA0AQJ,3
1100,0
45,2
87BE0F,2
4388,1
8F54,2
3442,1
K4V8TP,3
7012,1
4C5D4,2
4A,2
525383,2
8670,1
11110000,0
9M1SV,3
6710,1
B7FE4B,2
7076,1
PDBC,3
GHFYM,3
000100,0
DE,2
B1,2
5XRJ2C8K,3
DNF,3
4A43D8,2
FA95,2
6070,1
001100111,0
9K6M,3
100011,0
CF206B,2
1011011101,0
LIRK56S,3
A54CD,2
C05A88,2
F784,2
0001110110,0
A2764,2
L03B,3
MHNDA,3
2721,1
10101,0
75KB,3
6156,1
5D49,2
EM5VF,3
915,1
T62BXMS,3
1266,1
6418,1
9RFQ,3
W4X4A,3
1010,0
XKIP0M4C,3
1110100111,0
GUA,3
8703,1
9SH,3
F9,2
6771,1
5115,1
9589,1
0SM,3
01110110,0
7876,1
CD2B5,2
1111,0
968,1
G2L,3
156,1
8EB,2
5832,1
GL3,3
0100110101,0
22C0FC,2
465,1
5711,1
7352,1
AA55F2,2
1101101110,0
874,1
5893,1
9DB66,2
6453,1
558,2
7ABF,2
0000011011,0
52,2
F77,2
7AR,3
14EDF0,2
KT8,3
001011000011,0
MNCO,3
24FF,2
4531,1
1111000,0
TEJH,3
0001010,0
1110111011,0
1100001011,0
05RCO,3
702E6A,2
9028,1
2274,1
B013F,2
4XVFIKR,3
11010,0
93D6B,2
TCQBBH,3
0001100,0
ZXO9UL,3
1339,1
UYDRL,3
6GM5,3
5448,1
4499,1
SCTOHWI,3
1165,1
7162,1
C3,2
7155,1
3245,1
TNHEXGF5,3
887,1
101111,0
47,2
60R,3
YS09VFZ,3
5701,1
6434,1
9513,1
0011101,0
1YLGJ5Q,3
0F405F,2
EF5D47,2
E4A62,2
060E,2
772,2
2D45,2
0100,0
384FA,2
9247,1
D319,2
0JU,3
2F,2
D0F,2
AE,2
D62AE,2
2844,1
CUG65ZG,3
6X3S3,3
T9TT,3
8933,1
00001,0
0NY,3
5024,1
1100,0
0101010,0
FC6,2
001001010011,0
A7IKPCHS,3
BD25B,2
73F,2
BC07A,2
0A96ED,2
7884,1
011110,0
BZ48,3
8882,1
000011111,0
7NAT0,3
C09,2
9401,1
751E4,2
WBX9V,3
8038,1
111011,0
351DF,2
0100001,0
1111,0
1100000101,0
B58D,2
6C0CE,2
5B4,2
6D,2
1010111001,0
C96711,2
8113,1
4111,1
0001110,0
TUYU,3
10110001000,0
TANTQZO,3
0110101100,0
5747,1
3774,1
62B0,2
BB6A2D,2
3YKWLTW3,3
1100DA,2
TL6DH71,3
A27,2
IDLXB,3
YFL3R5DQ,3
E1,2
1087,1
2C8548,2
41BCC1,2
7647,1
N9HJFL26,3
125,1
3423,1
VV7,3
11100,0
672,1
0101100,0
1111,0
3B,2
2ED7,2
01100,0
0010,0
BZAD5S,3
1C4F,2
AE5,2
NUQY1FN6,3
T4QZF548,3
0101111100,0
ISMFX,3
1111100,0
111101100000,0
340D,2
RCZ,3
2698,1
9977,1
111100,0
0001110011,0
4E8,2
0001,0
011100101,0
AA59D9,2
325P,3
P8R7B,3
1272,1
6VSRN,3
111101,0
0111111010,0
101000,0
0FE840,2
2U5V1APA,3
4AD1,2
100111001101,0
1110111,0
4322,1
5813,1
1101111,0
2472D,3
1F,2
1101111110,0
2274,1
11110,0
6EAE53,2
WV6E5AO,3
JFIMU,3
101010,0
2445,1
HXWAPS,3
4738,1
110111,0
QIYWNMH,3
FMTM,3
00001,0
X15Q3VMZ,3
11110,0
1B,2
DC,2
BHDUN,3
CEB6C6,2
696M64,3
110110010100,0
DDE,2
9645,1
8330,1
FXQX,3
3455,1
OLOODJ,3
4HDLWVXK,3
BD01,2
UT5XWHS,3
17,2
0010011,0
E19EE8,2
110110011,0
BCF50,2
00110101,0
PG0E5P,3
111111101,0
001100011011,0
0111,0
00100001,0
1474,1
1852,1
2335,2
C09B81,2
101110,0
B63N6L,3
XR6U1,3
XBKMLZP,3
2A51,2
1010100110,0
00100001,0
0101,0
9496,1
3561,1
A3F43,2
01100101,0
EXU4E,3
1987,1
V8UDDZ,3
1010110,0
001111011,0
VXJ,3
AED,2
AA1,2
10001110,0
EF5SY,3
2753,1
100111000,0
44WY7AU,3
8B80,2
1110010101,0
000101001111,0
6452,1
10010100,0
11111,0
6116,1
QWGL3,3
GIRHW,3
1011,0
7134,1
59D45,2
100101110111,0
7R7Y83,3
1707,1
9642,1
1000001000,0
00101000,0
C6,2
01101100,0
C4,2
0101,0
8544,1
8719,1
A95,2
10110111,0
8348,1
6825,1
HJ241BX,3
L1LI3,3
FD69,2
0000100,0
6193,1
8753,1
JGT1C,3
Z3B,3
HOP9CFLS,3
D0,2
10000010101,0
4470,1
ODRVDBS,3
7927,1
3612,1
10100,0
0101,0
00110000,0
1100101000,0
906,1
7603,1
E5QPK,3
0000111,0
YQOS,3
9025,1
A4,2
B8P11I,3
QUUQI4,3
0000,0
0110,0
00110000,0
C1F0,2
6961,1
001010100,0
6202,1
63,2
3850,1
111000,0
100011110,0
FBD,2
0110100,0
011010,0
5839F6,2
91P27E9,3
00011111100,0
DB9,2
001101,0
110000000100,0
UJZ2F,3
100101,0
001110010,0
7R8,3
T398WIL,3
0100001011,0
111000110,0
7A1,2
01110111101,0
31,2
F2,2
0101010,0
4CD8,2
011001,0
001011111,0
VZNNIEH,3
J95H33,3
01001110,0
PDKAJPO,3
RNPK5,3
111010111101,0
1000000010,0
34EC2,2
1080,1
DBBB2D,2
3868,1
6803,1
9696,1
10101100110,0
04F3,2
JBLQF4,3
B2,2
QFEB71,3
31U,3
87144A,2
52B8C,2
6AH12EI,3
92,2
870,1
1459,1
001100,0
L2EE5LY,3
NEX8MQZ,3
1U9VRT0,3
0100100,0
00000110,0
FF74,2
29,2
0F,2
3WF7,3
355,2
JQH8G6W,3
9719,1
1864F,2
P3QI6N,3
54A,2
7ER2V65,3
7668,1
1494,1
2618,1
8567,1
9E187,2
UAAQR,3
OXQ5,3
8802,1
5988,1
0111001,0
0307,2
UOB,3
1259,1
NY5T7,3
505,1
1011,0
BWLZH,3
R0OKZ,3
GPZZ9,3
YX0,3
00010,0
3816,1
8E,2
11A09,2
QM1ZZZ,3
6310,1
19A41,2
7AYUUR8,3
A350,2
E07575,2
D41,2
2176,1
4309,1
817,1
B7E2,2
9456,1
8133,1
4556,1
8327,1
3517,1
110110111010,0
00010101101,0
7876,1
4EF,2
4E9,2
IZLGM,3
JAFA6I,3
4747,1
011110111,0
4408D4,2
3590,1
XZHA1NA,3
001110100,0
000000100000,0
4331,1
5084,1
7624,1
1111,0
2491,1
1000011,0
112,2
9E397,2
TMO21S4,3
7YYD60F,3
0010100100,0
3615,1
10011,0
010110100010,0
9FE,2
ROE527,3
294F3,2
06F047,2
1753,1
521F,2
YZRU5I,3
KUGKHP2J,3
03,2
7391,1
1268,1
1110111,0
DC2U,3
3596,1
SLB78Y,3
011010,0
8323,1
91DA,2
001100101,0
1106,1
35D1F4,2
8E,2
127,1
7643,2
4S4Y8H,3
00000111,0
9086,1
6GP,3
CD3775,2
W4T,3
1090,1
101100,0
51Q5P64,3
DD9,2
6590,1
1A93F0,3
DWSRKW,3
5VT6ID9,3
01011000001,0
14H9,3
PS7S,3
9Q7,3
001010111,0
3C08M4,3
XKOJLW,3
LDWYA01,3
823106,2
76E,2
11100110111,0
010001010,0
PX3V,3
10000,0
10010001001,0
55,2
75418B,2
NMKF,3
4B9FA,2
352,1
2188,1
F71,2
1110,0
00010000010,0
E31A39,2
11110001,0
001000,0
8802,1
2GM7,3
4713,1
7A5CC,2
8747,1
T5Y,3
2776,1
2409,1
6AAU,3
2253,1
6HMCLH,3
3937,2
8B4Z,3
1490,1
00001110,0
D0,2
8809,1
01111011110,0
00101111001,0
O7XPHUJ,3
9331,1
5129,1
11100101,0
AZFI4,3
5EEB0C,2
HYA,3
3174,1
0PJ6KT,3
42,2
6874,1
YQ6BZ,3
6255,1
5F6224,2
9446,1
10001100,0
9AD,2
01100100,0
9786,1
00100001,0
6G06LSJV,3
JY28K65S,3
JI4NBQ8,3
010101,0
6602,1
332,2
27E43,2
10011,0
D332A,2
A9,2
1010000011,0
1010100000,0
2518,1
7C9C6,2
1111,0
X11Z,3
39D702,2
FD,2
1011001111,0
110000100000,0
0001110101,0
6897C,2
7884,1
00011000000,0
5938,1
1111101,0
EL4,3
101,1
0000111000,0
10110011,0
ULJ,3
KW74E5SJ,3
207DF5,2
826D,2
1010100,0
A21CD1,2
E75B2C,3
O0GN,3
011101111,0
J5BME9T,3
OBRB,3
2913,1
121,1
T85NG4B,3
C9CCC,2
111110,0
EB9,2
7409,1
3557,1
6759,1
196,1
00100010010,0
11000111,0
11101001110,0
536,1
B6,2
2519,1
11101111111,0
3A24A,2
W9UZHJ,3
QEN3DNII,3
9775,1
2700,1
7013,1
JS8VX,3
0JE1APP,3
01011,0
DA8FC,2
0000,0
P9Z,3
D3,2
3F544,2
1955,1
82,2
3151,1
4465,1
1101001110,0
F73E959X,3
3468,2
3406,1
1100111110,0
11000110,0
ZUUV06JR,3
3678,1
DE,2
011101010,0
3495,1
95UL4MYI,3
1111010,0
38,2
0110,0
2R0BJZCE,3
YO5BNMYW,3
1100100,0
DQ0,3
2705,2
101110101,0
E3FA43,2
3242,1
1100100001,0
XSPU9EP,3
9043,1
MS4,3
001101000,0
E0,2
100010011,0
153,2
8214,1
9995AB,2
00001111110,0
0011011,0
5PFB,3
XT4A2E3A,3
PZNATJ,3
54D4,2
D7A43F,2
9353,1
3902,1
F335C,2
BGN,3
1101111101,0
ACEFE,2
3256,1
912,2
11001,0
SH8KB8M,3
11110001001,0
9TJNQ,3
216,1
2442,1
LAH52,3
KW15BVTG,3
PSTWUSBZ,3
AIDX,3
0111,0
9367,1
1CGK,3
11101101,0
E47D,2
01110010,0
823,1
P4529OB,3
E69F,2
6905,1
N7P3RB1,3
45,1
0IH6,3
1110,0
9BR,3
10011,0
GCYXH65,3
DB62A4,2
11011,0
5620,1
E17A8,2
D8CY9,3
1734,1
1101010,0
A6,2
011000,0
1055,1
28RB02,3
0111111000,0
9682,1
7804,1
3209,1
C9E,2
5167,1
4882,1
19B,2
VCJC3,3
01011,0
8416,1
1254,1
1713,1
168,1
9004,1
1PHI7NI3,3
9078,1
6187,1
KT2Q,3
1JJ4S2,3
QUNFOL,3
11011111,0
371,1
B66A,2
38F70A,2
01111,0
7826,1
TDH1,3
11011,0
XCX2J7,3
NLEBU4H,3
1111,0
967,1
110010000,0
4BL5AI,3
50H97Q,3
2XSI803,3
9678,1
NMM,3
7B1,2
11110,0
6776,1
3300,1
1917,1
4BF924,2
3479,1
7746,1
001001,0
HR1W20KP,3
L6J5GZIV,3
HJ28,3
F8,2
0010,0
6Q5GBOQ,3
95,2
00110100000,0
01110,0
8107,1
1U8GS1MX,3
1001,0
6B,2
2231,1
00110101,0
BCY,3
979,2
6057,1
J84V,3
2DB0,2
1011,0
37,2
2360,1
11101110,0
00101,0
5108,1
2344,1
2770,1
MO9,3
B2N,3
VBMJ5OQ,3
DR9,3
CQL73,3
000110101011,0
5C,2
66,2
DFA28,2
FE,2
101111100,0
C6,2
69532,2
D73KSF,3
6197,1
4351,1
8523,1
6100,2
01101000,0
8XFT4,3
4953,1
11011,0
10111,0
1011011000,0
AKS5F9O,3
7783,1
2970,1
ESNHKJJ,3
0110001100,0
UAL,3
AIW1OQZC,3
60,2
GKS2QV,3
90,2
0110010000,0
136B,2
8NTJ,3
BJB,3
1101011,0
01010,0
VO3M,3
30A3F5,2
ALU,3
3259,1
74,1
010010,0
010001101110,0
TDN1PX,3
F73B81,2
0111001000,0
2T2DH,3
V3Q078,3
111010110011,0
124,1
BCA4C,2
2EB,2
111001100100,0
2F3633,2
010001011,0
49,2
OA51,3
MFSQ,3
E8W03MGV,3
95,2
2401,1
01010011011,0
SJ5NDPT,3
88A,2
F16679,2
11100001,0
000111001,0
87,2
IC9,3
7133,1
8845,1
QMIOAYR,3
8GVKNQ,3
9779,1
Q2B,3
4359,1
A0167,2
010100000011,0
111100,0
540DE,2
3426,1
00100,0
6B,2
7229,1
101110001010,0
1001111,0
5384,1
VU37ZGO2,3
2DA49,2
3668,1
101011,0
7897,1
011110010,0
05,2
M4BU,3
010101101010,0
9434,1
03LPZ2,3
1782,1
01101001100,0
B1FBAE,2
F3,2
0KJU6,3
4257,1
3138,1
D52A6F,2
1111000,0
6292,1
9571,1
4C,2
101000011,0
0111,0
167,1
9711,1
65B,2
11111001,0
SLRD3,3
010101,0
6206,1
11000,0
CA0,3
000000000,0
N3JHX5F,3
9655,2
8NVS,3
YF1H12,3
CA3BW3F,3
1110,0
10110,0
6043,1
PERA,3
011000100,0
A8B,2
P8T86K,3
1000101101,0
VVITH,3
4086,1
M9F,3
100010,0
00101100011,0
6FB71,2
C8,2
1D8CF,2
9FAF,2
07F4,2
AFV0,3
2F,2
NI0Z66L8,3
0111000,0
6648,1
7A146,2
EFF,2
9490,1
D7,2
7795,1
0001110,0
9512,1
4OTCA,3
9VIPYBXC,3
010100001,0
CDA,2
XQEEKP,3
101010010100,0
001010110,0
B9TL6,3
U4RZ5,3
8470,1
51,2
258FB,2
7666,1
52B48A,2
3821,1
731,1
N3C3O,3
2HQFA,3
001001,0
A7,2
1DFB,2
825,2
DZSXUO9J,3
21A4,2
F2I0OA4,3
2087,1
111010,0
VUG24L4K,3
00011,0
3310,1
921,2
4706,1
B46,2
1111111100,0
852CC3,2
B6ML004,3
HSVND,3
DE,2
8D88,3
2CI,3
8A,2
81D8,2
110001011001,0
RLQM5,3
QELY9,3
452,2
ZEBH4NQ,3
C7607E,2
5925,1
1100,0
13D903,2
776,1
4S3YI0,3
110000,0
01101011111,0
E8A4E1,2
4061,1
10011111,0
403,1
9653,1
4118,1
6D8384,2
DAFB8,2
6042,1
10001,0
0111010111,0
5S7AH6Q,3
X80,3
K9TDX,3
00011,0
5YGHE4,3
OLTY1H,3
E02EB,2
7640,1
4469,1
00000,0
V6F0CDCO,3
00000110,0
381,1
A643F,2
8786,1
0C5C8,2
010101111010,0
5243E,2
JX11,3
0000,0
A2YJ6F,3
7821,1
9159,1
B3Q,3
000000011000,0
3885,1
11000010,0
1111011,0
3B,2
8133,1
4ED17,2
JIUVBJI,3
6381,1
5868,1
3123,1
0001,0
110101101100,0
WHO1QH2,3
3782,1
8212,1
6U84BEPM,3
HSYF,3
BZZBI,3
1110100001,0
8855,1
JTI7AD,3
001010000,0
HRGDG,3
2504,1
1713,1
8V5N,3
ZCMXUH,3
0110011,0
000001010000,0
KOY7NJ,3
100001000110,0
AB3FDB,2
10011,0
2450,1
7465,2
OQKWW78,3
3565,1
7658,1
2654,1
924C8,2
11001110,0
3527,1
11111,0
822A5C,2
4214,1
68,1
95D8,2
8283,1
00111,0
6906,1
5912,1
DEWGI,3
5337,1
01000,0
0101011,0
6FWU22NA,3
XDEO,3
4P60T,3
N4WT,3
6254,2
KV9ZM8Z3,3
5A77,2
5844,1
U34X98,3
A814F,2
010111,0
1101,0
9955,1
831,1
0000110011,0
2768,1
7B,2
9470,1
45F4,2
43A723,2
2CDAMZSE,3
C15F9E,2
29CE,2
E8013,2
C90DK98,3
A532,2
0000101,0
8QEJXM3U,3
E75,2
1100,0
1000,0
D60,3
68PTB,3
8400,1
IW555E,3
9950,1
A0028E,2
CBT9,3
8731,1
01100101,0
0001,0
10110,0
07,2
GTJXN,3
0000011,0
O6Q2D3Z,3
5299,1
ED380,2
C75E2,2
LYI,3
9F8,2
4395,1
AA7629,2
11110101011,0
CU37X,3
POJ,3
A8A,2
RXD,3
3271,1
59B,2
522,1
9449,2
6D6B3D,2
000010100000,0
0101010,0
01111101,0
010000101011,0
110101111110,0
62E,2
2A3AA,2
515,3
1000010,0
1D27,2
01000100,0
748,1
VQ4OJNU,3
TEKUCO3,3
4630,1
5F50,2
01010,0
101000011,0
110101000,0
6990,1
0101001101,0
Q9JXQD,3
E0X811DE,3
1000001,0
60K94A9W,3
11110100110,0
1011111110,0
09NSL5T,3
6C59,2
BKCVZWBK,3
31804,2
HPJ,3
WNXWA,3
3819,1
3882,1
4276,1
3733,2
1000000001,0
X7HKKB,3
1010000,0
0BZ13AA,3
C3KLCSQ,3
5968,1
7E,2
243,3
1010001110,0
2ARBJ9,3
01001,0
3CBCD,2
97BD33,2
0110011111,0
1001,0
100111000,0
011010,0
6D2HID,3
1000000000,0
8D0A1,2
9E4066,2
001001010001,0
NMB2,3
101110,0
01000,0
8644,1
110110100010,0
621E,2
0010101010,0
5OE2JOE,3
000100101,0
3956,1
01100,0
ED,2
PMBH2TZ,3
1110001,0
0011,0
00011,0
97E,2
5230,1
4532,1
53F,2
1110,0
11111,0
70F46B,2
1001000,0
OG75U,3
12322,2
01101001,0
000000011111,0
1261,1
CIQZL6,3
NZS84WQ,3
0000010001,0
4449,1
7FSY,3
7PQLRCP,3
L59T5ERQ,3
3234,1
10110111101,0
3066,1
8XBEMR72,3
111000110001,0
44,2
010111011100,0
3LA4,3
A7,2
39,2
768854,2
99,2
001000001100,0
010110110,0
01101,0
YFY3ZOXV,3
6182,1
935997,2
742,1
CE9D2,2
9712,1
1746,1
LXRBJ0,3
A87FF2,2
XWXC6,3
9962,1
SOCOVBKN,3
00000,0
6D,2
DD8BD,2
B7,2
1100010,0
4917,1
3562,1
9945,1
1563,1
6938,1
3MJW,3
4967,1
INW,3
11011001111,0
1C122,2
TTF96D8,3
101010010100,0
YM9LAJI,3
10001,0
HK5,3
4FC35,2
7B,2
2971,1
2712,1
4636,1
6IO6,3
1GIL7P,3
TOW,3
A9,2
7435,1
0111101,0
7145,1
9046,1
2170,1
538,1
53C2,2
6745,1
1111101110,0
4FDA6D,2
934,2
001100100,0
10101000100,0
7967,1
000110,0
2C,2
1011101101,0
7GKV,3
GQH,3
563,2
0AHI3Q27,3
692D76,2
6637,1
1101011,0
1011,0
01101000101,0
887E,2
1B,2
245,2
6069,1
5D64,2
NB1HT,3
01,2
2877,1
010111,0
2809,1
4NKX7E,3
000010010,0
6F6,2
660D,2
000001000101,0
7194,1
0111000011,0
01110001101,0
1999,1
249034,2
07C50,2
3999,1
5JZK6WUJ,3
0110110,0
55,2
5574,1
2258C0,2
0110101,0
7103,1
5322,2
12,2
001010100,0
3980,1
404,2
KM4YONN1,3
KUUQC5L5,3
7578,1
8621,1
0101011,0
0100000011,0
H2J3IT1D,3
1819,1
8359,1
URM7,3
00110011000,0
00100111,0
0011111,0
4OUZV9S,3
3GL4ECL0,3
0011011100,0
0000101101,0
848,1
0100110011,0
VAHJGO3E,3
011100010,0
4534,1
9742,1
5133,1
CA,2
1011001,0
111010,0
03C0,3
00011110,0
OHBQRPY,3
7567,1
892,2
P1R0W,3
RT963A,3
1101000101,0
1000000,0
FPI5P38,3
9PEMRFMG,3
F1CF,2
DEFA5UT3,3
FB81,2
0101010,0
0111010111,0
3604,1
1765,1
6372,1
UHWXR8,3
590DF6,2
B590,2
0101110,0
0WGMC,3
E94,2
2LLMG,3
1001010,0
169A,2
T2LJ1DFH,3
1771,1
5486,1
1011011,0
011010010000,0
4CF8,2
3D,2
0YQRHU,3
TBPY3TK,3
00111011100,0
TIYK,3
T8KS,3
7A30N,3
4B310,2
OSY3,3
0BHV,3
VF08LE2,3
666FC,2
1852,1
B7EF85,2
0011,0
00011000001,0
AZAWB,3
4922,1
EA585B,2
WO9PCH,3
8EN,3
100010010000,0
IX3EW,3
48A,2
93E5,2
59A3B,2
1568D,2
01011000,0
0000110,0
01110111100,0
CDOGNE,3
7376,1
1523,1
UA6WI,3
2443,1
XSJZRD,3
0001001010,0
8103,1
001101,0
00101,0
3359,1
110010,0
2219,1
244,1
10101111100,0
8626,1
4802,1
QSU,3
0010100,0
1000,0
3650,1
11101000100,0
GX7C4W3,3
47N7G,3
137ND0Y,3
EFE,2
2946,1
8F99,2
02YPV7,3
1001,0
6175,1
19D,2
20CA7,2
1100001111,0
110011110,0
9A1EB,2
000101,0
17,2
1101,0
9F4A,2
010011,0
5274,1
2816,1
4172,1
286AAD,2
54BD,3
5337,1
1467,1
AWX3MNPW,3
0W1I7EP,3
80A,2
4QB,3
11011,0
100010,0
JMI,3
E551A,2
8061,1
FB8,2
6272,1
6743,2
7771,1
001111100100,0
22E066,2
6119,1
001011011,0
2172,1
8783,2
0343CB,2
7Q8,3
211,1
0100110010,0
010000100101,0
5712,1
3SIK,3
7E84E7,2
QSX7C19,3
100011000111,0
ZQ2WAJ,3
00110110,0
5582F8,2
RE1I,3
1Z0HNWI,3
C550E0,2
AA4,2
D3,2
00000111110,0
J1S,3
5072,1
6980,1
0100,0
HBUFVE,3
WQ4G22,3
1157,1
YVXI8V,3
EB1F3C,2
4489,1
3D6E2,2
000011110,0
NSGWD131,3
2774,1
7882,1
7597,1
078,2
5896,1
12D4C,2
289,1
T2JSCRV,3
10000,0
R507XB1,3
10011101011,0
0AF1,2
01110,0
00111,0
00011,0
7199,1
2SPZRIKF,3
6481,1
OAIWZP,3
1310,1
T89L6,3
2832,1
1001010000,0
2CD8A9,2
P2YM2N,3
8DA,2
01010,0
7037,1
8OMGCK5N,3
00101011011,0
72308,2
0001001,0
C36J,3
6C0EE,2
1347,1
1774,1
EA4,2
01100100,0
1001001,0
EOMR,3
000110001001,0
IQ2UJ,3
11001,0
E7,2
5555,1
T6BQNV2,3
14S,3
740,1
1YH0P,3
E92,2
P6H9VTX,3
AA66B,2
C12,3
00,2
HV6D,3
374,1
DQ2F3,3
139,2
9FCZIE,3
ED,2
6DAG8BP8,3
I4Z9GR,3
2296,1
KZR9WI,3
5495,1
5337,1
310BF2,2
OMGIL4,3
1110110,0
10001100,0
9A9R3,3
011010,0
5319,1
10A,2
1005,1
DAKSRF,3
2GSR,3
K2P,3
JU6RU,3
DEF90,2
1111,0
6130,1
6207,1
2902,1
9929,1
6258,1
FGJT858X,3
CD3A,2
0D,2
7641,1
C8B1,2
1584,1
293,2
VNDTVD2,3
0X1FWL1S,3
0011011,0
0100101110,0
XM75HDH,3
10001,0
5913A,2
E9DC6A,2
000100,0
00110001,0
2ALDEX1,3
011100,0
030,2
8D175,2
5PQAJ1K5,3
B01D,3
011000,0
EA63,2
FOR,3
000010010,0
10110100,0
29D2C6,2
0011100,0
11110010100,0
0110100000,0
BC3,2
6FBFCA,2
F68B3,2
626,1
0B,2
5A4096,2
3775,1
011110001,0
8S4NBR,3
CK43E614,3
01111010100,0
F79E,2
1010101,0
1PLZM,3
8SGAK,3
C82D,2
111011100101,0
33,2
225,1
0100,0
6405A,2
BF42,2
00110,0
01001011000,0
6161F1,2
001010001101,0
00001101101,0
J6Z2ZB,3
LEYVC0BW,3
1194,1
1694,1
1F7,2
918,2
4258,1
6518,1
CD2UNQ,3
0001011,0
078EB,2
120E7J,3
88F,2
YTA0D,3
10000111,0
138,1
4FB,2
10001,0
8916,1
10110011000,0
6AFF,2
72,2
3KTBJDK,3
26,2
6464,1
8L7Z,3
2344,1
9H54P,3
LE3RK1,3
5203,1
92HJ,3
3GX7,3
BD6B7D,2
ZLE,3
E6F551,2
F70,2
4AEB7C,2
4C3D,2
00110110,0
C3815,2
001010,0
BNM39HA3,3
00001011,0
2XNZ8,3
SWRO,3
Z1XVCUP,3
2715,1
R2WUJNW5,3
1010,0
001111100000,0
0010010110,0
MTM,3
NI008OT,3
11001111011,0
0110001,0
UAQ,3
JPN90F,3
4111A3,2
1523,1
0101001101,0
O6Y00,3
7191,1
EX3858,3
H15WUM,3
4DE,2
9905,1
AAFB0F,2
5360,1
7326,1
A0,2
D4F,2
72,2
UITA6C,3
9C,2
ZS1DYZEJ,3
01001,0
6997,1
360,2
41M5H,3
0000011111,0
MA7T,3
8299,1
149,2
314B,2
F73066,2
00110111,0
10100000100,0
854526,2
3413,1
111110101100,0
101100010,0
BD86,2
4C5941,2
2721,1
3861,1
E52720,2
6506,1
0111,0
6389,1
1000111100,0
7724,1
43F071,2
11011,0
4425,1
EAO1PYGD,3
DA99B7,2
9118,1
01101000,0
RB14K4,3
101010001010,0
778A4,2
40,2
F68,2
207F2,2
B6E9DD,2
EBB,2
68,2
7HW0YP,3
111011110,0
6847,1
110001001,0
1900,1
7693,1
1NE696O,3
6FE7E5,2
ED15,2
1CC5,2
3906,1
67833,2
100111,0
100000111101,0
10001,0
XH88,3
8359,1
072,2
323,2
5642,1
7512,1
JI3WV3YI,3
10001110011,0
7107,1
01011111000,0
DW6U3D,3
011101111,0
A4BE1,2
56FK,3
5NS39G,3
21LAUN,3
1426,1
8244,1
C68,2
8457,2
XVNP901O,3
92,2
1101101100,0
809,1
7901,1
X4XQRF,3
B733,2
C3,2
3Q00,3
BZ53BV,3
111101100,0
00100101100,0
6MHHWT2,3
11100101011,0
732A,2
2949,1
9WET0TYS,3
1001010,0
20QEOB,3
DNIU,3
010011,0
7971,1
D9E,2
95A,2
6D5C,2
91ADE,2
3037,1
AUF3,3
000101010010,0
2574,1
00010011,0
X8NJQNQW,3
IGV8,3
J8EX2JI,3
RNSO,3
111000100010,0
EC,2
10001100,0
7A68DXT,3
ZUGJH25P,3
1162,1
896266,2
ZMZ25,3
7C0B06,2
84C1,2
YICG,3
0011011,0
48A1,2
9351,1
53,2
5N5,3
52CD,2
Z4XFDH,3
4322E9,2
54AD,2
C65,2
PJUEJRNH,3
VS0V,3
7D1,2
8713,2
8789,1
V1F,3
5581,1
A4BA7,2
945,2
1F0165,2
10001011,0
1217,1
E108D,2
77A691,2
1956,1
2E75,2
ADF16,2
6231,1
0000100011,0
00000010100,0
BC,2
2MX7T8J,3
E932,2
Y791T0A,3
D9S4N,3
10010111011,0
29,1
8961,1
66C,3
ATJHRK,3
01001001,0
OMK,3
L6B,3
AAC6,2
7D9936,2
8207,1
000110,0
JY5PN7EV,3
01000110,0
URKDX,3
1AZR,3
9356,1
1W1,3
11011001,0
00001101000,0
2068,1
23V2,3
110010100010,0
1ZI6VD2,3
3806,1
001111110,0
3B7,2
F19B,2
110100000,0
UL3QMS6,3
2JKPI3,3
4166,1
3152,2
1F2,2
B8DC,2
B9BS9,3
5550,1
8182,2
38CD,2
F90D,2
7149,1
27M,3
GBX2TP5,3
4166,1
F939,2
000010010,0
8301,1
72CB,2
4FCA,2
46,2
7016,1
11110110,0
0010,0
2SW8,3
ZZT28N,3
7689,1
10000,0
5523,1
10111,0
9944,1
577A,2
9135,1
0001011,0
3A00,2
6772,1
101000,0
0111000001,0
0DG86UL,3
1H8U8Q42,3
ZLY2JG6,3
131661,2
88A1,2
07LIX,3
365D24,2
97A6F3,2
E34F,2
E1JR,3
2926,1
5098,1
011010110110,0
7422,1
111001111011,0
10000110,0
0ZF9HM,3
164,1
8435,1
3119,1
54EQ,3
S9AHAA88,3
99B84B,2
6659,1
6464,1
3604,1
VKHB,3
679A,2
D75F,2
4232,1
3849,1
74D2,2
759,1
010010010,0
304JNOM,3
3B,2
00100010010,0
7582,1
EWB8,3
1000111010,0
OLF,3
265,1
A1EB,2
C1VJEGW,3
6365,1
9986,1
3694,1
6599,1
0101100000,0
B59,2
1F2B10,2
2185,1
E3OKCE3,3
V7F7,3
1001101,0
XANYCY2,3
9991,1
7687,1
6988,1
ZXMY,3
8DD,2
4136,1
DRXI8,3
02,2
1000111,0
0C3D,2
1101,0
9642,1
0100,0
1001000100,0
10100,0
8856,1
674,1
81B,2
366,2
9O1,3
3353,1
SSD7,3
0111000,0
4685,1
568,1
4CMW,3
CE9B,2
1602,1
EUBR26C,3
JB0S3K,3
05VD,3
HFNVY,3
9C07D3,2
8A75,2
F6E,2
9266,1
ECT,3
3458,1
UML,3
90,2
R0YQC4JF,3
FC0,2
622,2
4374,1
000111001110,0
KDLUVD,3
11001010,0
ZOQ,3
1F93,2
1011,0
100001,0
1PYW5WP2,3
6701,2
8DZWS5,3
00010110011,0
6DAFC5,2
OQ62RG2Z,3
CFA7C6,2
100100110011,0
110000100,0
292,1
4381,1
VYW,3
6719,1
0111,0
3D4C,2
A95F8A,2
4247,1
001101010,0
C330D8,2
1179,1
00100001110,0
9860,1
D972F,2
5976,1
00000010010,0
274,1
76D3,2
CD6,2
11100011000,0
H4J,3
10001100100,0
5EB09,2
8519,1
1585,1
19Z,3
571TC4,3
A1F,2
495,1
B8ZOT0RB,3
6961,1
QZS,3
11001001010,0
2EE5F7,2
XS9D,3
6D6D9,2
PFTJE49,3
4738,1
001000,0
E96D,2
8087,1
